id,customer_id,order_date,status
2a11f3b3-77d7-4fe4-8925-f2fd5dc2d304,aba54843-55b0-43b9-a12d-3cf418dc31a0,2025-10-16T09:44:52.609336,processing
7b628197-cedc-4726-9f21-66c3284a59e4,28269380-6a7f-418f-a913-f54d92464dcb,2025-11-01T09:44:52.609336,fulfilled
23c64d67-5363-44a7-9993-39fcd582a2bd,e108e136-7c9f-4f87-b7d5-0f369385392d,2025-09-21T09:44:52.609336,processing
b34c0c2a-28ab-4393-a136-855a10b8660f,502d7745-dcfc-4bc4-b582-d2f8d58822ee,2025-09-05T09:44:52.609336,cancelled
3bf3cf52-380a-45e0-a74e-9cccbc660067,fb154923-3a17-4b46-bd7d-6028c0dc6391,2025-05-24T09:44:52.609336,cancelled
0199c234-37f2-4a30-96c9-77a085a5b432,821c5d4d-1c22-4888-8333-6095b1d2d9d8,2025-07-08T09:44:52.609336,processing
d6098413-292a-4d02-82e9-74eeba087ccc,e0f8a1c8-2485-4eb6-b5e9-5449b07e9202,2025-06-03T09:44:52.609336,processing
843ab326-521e-47b4-a162-9c168a525f19,addf5436-6f3a-42bb-a42a-793c10bc50e9,2025-07-10T09:44:52.609336,pending
c28924f0-b23a-4211-a486-4db4f8bd89c0,fe5a88aa-904b-4c72-8309-398298bc816c,2025-10-08T09:44:52.609336,cancelled
276b1f8d-1eb6-4f21-8955-b9d9d70cf5cf,615e346f-4cbf-4676-a419-17574eb829c3,2025-06-01T09:44:52.609336,processing
e5f9ea4a-177c-4cfe-8cb4-f6e2a52eedbc,9235e8e4-c183-4bc7-96e4-6315468eefd1,2025-07-20T09:44:52.609336,fulfilled
4d3e5714-49a1-43bb-b216-2a4d8f909de9,86d8463d-c2a2-4559-aeef-077d00b31d4c,2025-10-01T09:44:52.609336,pending
feeb28a7-00bf-444b-b93e-417218948983,3f70571f-bbbe-400d-8e0e-6fcaca4a61cc,2025-09-18T09:44:52.609336,pending
c4f4554d-0e16-4ac9-ba96-f2994d96efc9,5d3b0a9b-cbd7-40d8-a283-ca9cb8e56f84,2025-06-06T09:44:52.609336,processing
a42260d3-ce80-4e66-94fa-5a93c3013dce,fb154923-3a17-4b46-bd7d-6028c0dc6391,2025-08-03T09:44:52.609336,processing
918cc78f-7bf3-4d4c-a363-c068e6bd2f66,986376aa-e68c-46d3-928f-938c692906d4,2025-08-26T09:44:52.609336,processing
fb0c23b8-e10b-4f8c-9ebf-483724eab449,5a397341-db03-4ed3-8aee-44a3adf5d7d7,2025-08-16T09:44:52.609336,pending
6580b826-73d0-4e40-bf5e-a1a2860182a7,423e6056-2eae-4784-b4dd-3018fd9768e5,2025-10-02T09:44:52.609336,fulfilled
e2a8a405-6797-4fe4-9103-cc4481bdb77f,5a397341-db03-4ed3-8aee-44a3adf5d7d7,2025-08-30T09:44:52.609336,processing
e7b011cc-4bc4-4b38-99cb-e21a569a1577,80b9fca3-3dba-4676-bbdd-70d2d69728f5,2025-09-26T09:44:52.609336,processing
cb848d65-bb03-40bb-be99-212e72cb0c84,423e6056-2eae-4784-b4dd-3018fd9768e5,2025-10-18T09:44:52.609336,pending
28906a38-14dd-43a0-91eb-345b52cb7ba1,b34687ee-b923-4152-a67e-98096e60f3ef,2025-06-03T09:44:52.609336,processing
dd557b6b-1110-4147-be84-753dac6626af,56c520a9-f977-464d-a94c-9455806ee272,2025-09-13T09:44:52.609336,processing
640f0ba2-6200-4f25-b500-e1324db22e6c,fe5da68b-467e-420d-bc3f-a7f98b36d649,2025-05-24T09:44:52.609336,processing
e5c57529-8f68-4c05-92ac-d7ddabc88488,0ff30967-59c5-40a4-aa59-4cf250d7ce0a,2025-06-26T09:44:52.609336,processing
eb199c4c-6a8c-4779-8840-b92e1d3e519b,02302948-d9e3-406c-b36d-d6f668c98240,2025-09-26T09:44:52.609336,pending
8e1e91a6-33ea-4aa3-af8c-15b7f8ee49e7,7fa60c4d-a823-4b9a-afaa-319ec55629c4,2025-06-01T09:44:52.609336,pending
da5aaed2-163b-4e3f-b57f-0ce4a1b3c649,502d7745-dcfc-4bc4-b582-d2f8d58822ee,2025-09-06T09:44:52.609336,processing
af236d6a-2558-495c-abfa-ca451aa0e740,af5a02d0-405f-4089-82a6-ee65e0f0665f,2025-11-14T09:44:52.609336,fulfilled
aa1ee54a-8cc5-45bb-97f3-54e47c2ac173,56c520a9-f977-464d-a94c-9455806ee272,2025-09-13T09:44:52.609336,processing
79bc01c1-f29f-47a2-acd8-0c28f4e2e9f7,4edb33ee-ff62-42ec-bd01-ace3c2d644d2,2025-10-16T09:44:52.609336,cancelled
5fa33bf7-bf83-441c-ba67-bffa044bbd75,fca3c71d-3990-4b8f-9788-127bcfa2246e,2025-09-04T09:44:52.609336,processing
90eebb78-f654-4e9d-a9ff-c2a66f0cc89d,f01519c4-4651-4b76-8dc0-647308a1274d,2025-09-02T09:44:52.609336,processing
f633432a-55f9-4a25-bb3e-05ff216ce14a,fe5da68b-467e-420d-bc3f-a7f98b36d649,2025-11-13T09:44:52.609336,processing
14f5b267-f81a-450e-b015-bbd25797b432,3732f26d-69c7-414b-93c3-70809ced0c78,2025-08-11T09:44:52.609336,fulfilled
d16104b5-2823-4f23-b62b-80de0cd2f1ed,a5b407e6-0bb8-4a3f-8e20-13236c460570,2025-08-24T09:44:52.609336,fulfilled
c62f6d60-8c35-4ff8-813f-a8167beb236a,10eebd24-50cc-44bb-90c3-48285eaa55a2,2025-10-31T09:44:52.609336,fulfilled
03f358e2-a9e2-479f-9ec9-4e5b81eafebe,50fc4d5f-c574-4eb2-8314-2e6d3fed74d3,2025-11-01T09:44:52.609336,processing
75312d07-be64-4537-a057-4bee2859fec8,7269b8c8-2ac2-448a-962b-4325945e49f4,2025-07-26T09:44:52.609336,processing
882bc1cb-5c9d-4c1c-b833-4cd11c43ad29,c31ec7bd-1848-4f5c-a983-936a3e319f91,2025-07-16T09:44:52.609336,pending
633a4361-19a2-440f-b404-6348986a1742,2466e5a0-c136-4a3a-a4cf-82b052259a72,2025-05-26T09:44:52.609336,pending
4ccd0ad1-3005-42ed-a6d4-38518ee3400e,2e90a3b8-c1c4-4ef0-a34c-912cbea9d00a,2025-07-29T09:44:52.609336,pending
69106839-840a-4301-ae38-abcedaa3f2ba,24a9a55f-765f-4724-8e90-83a74508890c,2025-06-27T09:44:52.609336,processing
95e2fa0d-4c70-483f-828b-3febb844f2db,fe5da68b-467e-420d-bc3f-a7f98b36d649,2025-10-05T09:44:52.609336,processing
30261393-6bcd-4649-a9e0-d33586507ced,423e6056-2eae-4784-b4dd-3018fd9768e5,2025-06-13T09:44:52.609336,cancelled
f4ed49e4-21c7-4ef4-9412-c4cbf81c6185,2466e5a0-c136-4a3a-a4cf-82b052259a72,2025-07-09T09:44:52.609336,processing
cd97d18b-dc56-4b26-b707-abab6563e917,fca3c71d-3990-4b8f-9788-127bcfa2246e,2025-07-29T09:44:52.609336,processing
eb4c466d-6577-43b6-8206-34b057ca98f0,0190b975-5e81-4e30-abc5-f917eb042de7,2025-08-28T09:44:52.609336,fulfilled
c708a25a-3132-4606-a9cf-c9f2f4a720d1,870b78c8-081c-45ba-8f8d-fea47c98e8c9,2025-06-05T09:44:52.609336,processing
ac21c3ab-8cf9-4240-9bc0-874354653346,b8b091a6-b3ee-4b8b-a1db-312316ee3ff3,2025-07-12T09:44:52.609336,fulfilled
a10e1f07-c59e-42b5-ab0c-0c752ad3ca0d,986376aa-e68c-46d3-928f-938c692906d4,2025-08-23T09:44:52.609336,fulfilled
93551707-2c1d-4b2a-8d29-ebd61dce05c5,2fb7bfed-6e0a-4fbf-9f7e-77e04625b649,2025-06-18T09:44:52.609336,processing
21ff72f5-0a16-4c45-a1c3-f5ded2357e7a,9ea88a5f-24d1-47a0-a9f7-dc002938e915,2025-05-20T09:44:52.609336,pending
c13b3fe5-315a-4b79-a6e3-67d473e92739,986376aa-e68c-46d3-928f-938c692906d4,2025-06-30T09:44:52.609336,processing
085a12e5-588a-482e-bd08-2c98922377ae,872e2d6a-7a24-4452-8468-07d551ca351f,2025-10-30T09:44:52.609336,processing
24652a89-3010-4567-99ed-1e0cf36be49b,3732f26d-69c7-414b-93c3-70809ced0c78,2025-08-05T09:44:52.609336,fulfilled
4b73471a-41c6-4d37-9047-8230871bb282,2ba4096b-9e5a-485f-938e-6df20f4b774c,2025-11-14T09:44:52.609336,pending
37af0acd-d9a0-4342-adbf-e0f7fd02aa7b,fd0c2c0f-0c3d-4c12-9c6f-78db36a4b16f,2025-06-10T09:44:52.609336,fulfilled
536a4b6e-264c-4f4c-8202-d9d55a508b1c,870b78c8-081c-45ba-8f8d-fea47c98e8c9,2025-10-24T09:44:52.609336,processing
23e19b7d-a7ed-44f0-ae25-625896315c84,3a60c822-41cf-49ab-9687-8d574492845b,2025-06-10T09:44:52.609336,processing
4885c71a-3368-44ab-8be8-39f675f31361,10eebd24-50cc-44bb-90c3-48285eaa55a2,2025-09-21T09:44:52.609336,processing
d9f39c39-2d1c-4049-8c74-5d200e21df60,fb154923-3a17-4b46-bd7d-6028c0dc6391,2025-06-18T09:44:52.609336,fulfilled
10b1f54d-c86c-4d66-9ed6-c6fe4f2cf663,48eb48ce-3875-4ea6-9590-bee2edb59f40,2025-08-14T09:44:52.609336,processing
1ed31631-1eb4-4df5-9d8f-518e2dbed476,dd4de91c-d4a8-4932-8445-350f2469ae3d,2025-10-08T09:44:52.609336,pending
bf013742-9ea9-40ed-913f-8385ae6cbafe,5a039243-4cf9-4584-8db2-fdf848a7dac1,2025-06-09T09:44:52.609336,pending
7c073bb7-4cc4-488c-8018-f6d07c82c696,7fa60c4d-a823-4b9a-afaa-319ec55629c4,2025-09-24T09:44:52.609336,fulfilled
0664cd4e-f7fe-4e02-b4d9-50f966d91753,9878425a-0bfb-4a17-b21a-2a9ddf3f5557,2025-08-08T09:44:52.609336,processing
b4c89dc4-b83a-4731-b9c7-c2ea764bbd45,fa4500a1-af33-4846-bd9f-82abd852cdb0,2025-08-11T09:44:52.609336,processing
c96535af-cf10-4508-b22b-1b51ec16c7a8,b3e89c95-1f15-4761-a4f4-61469ca702f8,2025-06-14T09:44:52.609336,processing
62800f98-1316-4d5e-8ffc-7ca636ba34bc,b5f9e7b9-4631-4dce-8e48-5d0633e5ae1b,2025-06-29T09:44:52.609336,processing
d7157765-a788-4da4-a0c4-aeb493d318a4,9878425a-0bfb-4a17-b21a-2a9ddf3f5557,2025-09-04T09:44:52.609336,processing
8a1ab2f4-d8c6-4d53-b42c-95fcf6560d58,50fc4d5f-c574-4eb2-8314-2e6d3fed74d3,2025-10-18T09:44:52.609336,processing
7e7d5398-99d2-41f0-be2c-29f853f85bca,b21536dc-6f49-466a-a386-e51cc4c00d6f,2025-10-08T09:44:52.609336,processing
b4a5dfd2-c81b-4d6b-a857-0d72ab5d477b,e0f8a1c8-2485-4eb6-b5e9-5449b07e9202,2025-10-07T09:44:52.609336,processing
333c35d1-906f-4478-9c2b-56f6ed0127b2,d74565e3-aa65-4541-a5eb-5f65f147ddb1,2025-10-31T09:44:52.609336,fulfilled
9499011c-49d3-49e0-b0af-a531895e83ca,e8758340-0c89-4ee3-9850-4b50eb75fd5a,2025-10-14T09:44:52.609336,pending
c9b1da86-29bc-447c-9723-05d69b8ae698,615e346f-4cbf-4676-a419-17574eb829c3,2025-10-29T09:44:52.609336,processing
4022a6c6-cb38-4224-82df-9401234e895a,3a2480f8-f2bb-460d-b03c-ec2b6c2d8b39,2025-06-08T09:44:52.609336,processing
571522c2-2cc9-46c3-9b76-67ac82a8c7b0,615e346f-4cbf-4676-a419-17574eb829c3,2025-08-10T09:44:52.609336,cancelled
9bdabbc7-1c58-41c6-82d5-07ae41ab1bcb,a3dd6f4a-7e7a-4fe7-b268-8c0b599c22bf,2025-10-22T09:44:52.609336,fulfilled
feb102e3-295e-41ba-ab07-af5748c7a690,a3b9a9a3-78fd-4f7b-b099-df4431b6f9c8,2025-08-14T09:44:52.609336,processing
fe379f86-80cb-4873-8ad8-abdd11506066,b5842f56-a902-4570-9db9-4ce6ca508b82,2025-05-19T09:44:52.609336,cancelled
b8723490-c8f2-457b-b234-7850796e7f57,7d6bc041-9848-46db-bc23-b41f565d0c26,2025-10-31T09:44:52.609336,fulfilled
a389c2ed-1ed5-49ff-ae53-c8fe5409fb82,addf5436-6f3a-42bb-a42a-793c10bc50e9,2025-10-20T09:44:52.609336,processing
1acb50c4-9112-48b0-8d5a-0c6b7cd413ce,870b78c8-081c-45ba-8f8d-fea47c98e8c9,2025-09-02T09:44:52.609336,fulfilled
086fae73-356f-408c-bd53-f3e828a00887,8054f2b3-191d-4cb9-9f00-eb420b82acce,2025-11-03T09:44:52.609336,processing
0d82dcb3-4a24-4ae3-9938-dcd027f10fa9,bd3a19aa-7f9d-471c-914c-509d73929a43,2025-08-19T09:44:52.609336,pending
f8f7a42c-819b-4de2-ab8f-d1aee522f2d3,a4e3e349-796b-4a8a-9a81-ee8444de293f,2025-06-29T09:44:52.609336,processing
5c28dd98-402e-46e7-abc0-9c0e36ecc2dd,29c0f4b4-93c4-4659-acbb-8055c02077b8,2025-06-30T09:44:52.609336,pending
ed6ca769-69b9-4589-ab19-91b0c4261e47,5f4d21dc-7e10-4c17-aaa2-c8e0026e5782,2025-08-24T09:44:52.609336,fulfilled
a72d5e8c-0488-47a4-b1bc-6bdceb2af576,e9856c04-711b-4f2a-aa3d-596528a89885,2025-07-28T09:44:52.609336,fulfilled
60e3a36b-6f9c-418b-b7da-9c4b305a2d4f,4bfde344-8b85-45f7-a35f-dec7a1049dc1,2025-06-03T09:44:52.609336,processing
ee50d47a-ea86-48e3-80fc-e59187f641fc,e61a2a27-2d96-4ff1-83c9-27087b749116,2025-06-14T09:44:52.609336,cancelled
c5281bde-47eb-48c9-a169-179b312527c3,512058e1-864e-48c9-ad5b-ac3ab685caec,2025-05-30T09:44:52.609336,processing
e5d5cd06-755b-4060-a2c9-423dd579bc7b,2e90a3b8-c1c4-4ef0-a34c-912cbea9d00a,2025-06-18T09:44:52.609336,fulfilled
e97b2059-aab0-436f-9e28-32b009358310,d54fa5e1-72c2-4186-8cef-ab78a96f32e1,2025-06-30T09:44:52.609336,fulfilled
c2fa08c0-bceb-4e0b-b504-da59b32efd8c,3a2480f8-f2bb-460d-b03c-ec2b6c2d8b39,2025-09-22T09:44:52.609336,processing
3acb4e55-9488-4272-881b-1f588b1254ea,fa4500a1-af33-4846-bd9f-82abd852cdb0,2025-06-11T09:44:52.609336,processing
4582f45d-2f1f-485d-8dfe-d8a1039e9fde,a9311a01-e605-4aa6-9970-ad9bf7b8974c,2025-07-22T09:44:52.609336,processing
a6697d4f-2292-47cc-ae33-1e96106a218d,e61a2a27-2d96-4ff1-83c9-27087b749116,2025-08-06T09:44:52.609336,fulfilled
00d4b95b-3c41-4969-bbb0-9d673e3793d7,7a362ef8-a35a-4cde-b066-a6d67a297f8d,2025-09-30T09:44:52.609336,processing
198dfbd0-f424-49eb-869f-fd95fa681466,4355391f-8900-455b-9a04-450e1d26b90c,2025-10-12T09:44:52.609336,processing
9a50ff25-16b3-4484-96d8-a2a333579733,a3b9a9a3-78fd-4f7b-b099-df4431b6f9c8,2025-09-06T09:44:52.609336,processing
2222df18-abb6-46b3-91b0-dbfdb9ad419b,b7435dc9-87c4-47f9-85d8-1b7a7a8953ca,2025-10-18T09:44:52.609336,processing
01eedcae-31c0-48e2-a83a-fd6e3254cd91,0f833877-9fac-4e71-887b-4d586f54ca60,2025-10-12T09:44:52.609336,processing
483c9b68-bf6a-467a-b6b0-b402865ac684,f9d67a4d-f7c6-4444-87c5-8a3e69069449,2025-10-12T09:44:52.609336,pending
24f14e4b-a776-4ec5-b280-19b58f5d9fca,4f3286f5-2d39-440a-870a-571c1c500f17,2025-10-06T09:44:52.609336,processing
5fd5005b-8f6f-49aa-9f7d-39596e58794a,0804f86a-f31d-4d06-b8fc-0ed8c9b4a021,2025-08-18T09:44:52.609336,processing
38abc256-4fcb-46a3-9daa-b6face53b34c,b0fe392d-2e69-4756-9d20-8d447291d883,2025-11-10T09:44:52.609336,fulfilled
381a191c-f6c0-470b-b2b2-7eefa86bf768,d54fa5e1-72c2-4186-8cef-ab78a96f32e1,2025-10-22T09:44:52.609336,fulfilled
2031d4b8-0c40-43e1-ae51-eaf96304a10c,62290506-be20-47c2-9ae0-ffd4d0e15eaa,2025-06-08T09:44:52.609336,processing
3097b69b-5946-439d-a60f-32d0b215297d,0190b975-5e81-4e30-abc5-f917eb042de7,2025-11-07T09:44:52.609336,pending
73680795-17a9-4f08-b47b-0a548fdf2a20,d74565e3-aa65-4541-a5eb-5f65f147ddb1,2025-06-21T09:44:52.609336,fulfilled
d1173fcb-3a78-4960-ab80-2647af17d347,cb329d52-b092-4040-9e2f-382b1bf6e52b,2025-09-16T09:44:52.609336,pending
5113b80e-6b31-40e6-a175-2d096ba46a21,9235e8e4-c183-4bc7-96e4-6315468eefd1,2025-11-08T09:44:52.609336,cancelled
48262ccc-4a11-4171-abe9-f10d89e6bf99,7269b8c8-2ac2-448a-962b-4325945e49f4,2025-10-31T09:44:52.609336,cancelled
63fdd331-7bbc-4e7e-8d53-96502e857f52,fca3c71d-3990-4b8f-9788-127bcfa2246e,2025-06-18T09:44:52.609336,processing
71acb58d-9aa2-4875-959c-2be1bbcea035,dead0d5a-6a9b-4c18-9422-40f8b9583b95,2025-06-21T09:44:52.609336,fulfilled
a0c5c64a-8b8a-4adf-a59e-c0653ca08df2,8158d95e-0689-4d73-ac32-827520e0e6c4,2025-10-06T09:44:52.609336,fulfilled
a8bc9fb4-265d-45d9-bd68-e6d0c77ee7a4,bd5ac058-0efb-44fa-849e-5e554cf16217,2025-09-12T09:44:52.609336,processing
bb7ff21a-4c1f-469f-a047-c462fccf4931,63c16cd4-de0c-4470-a5d4-b324753800d6,2025-08-29T09:44:52.609336,fulfilled
629fa552-d0cb-4858-853b-82c5cdc1adbe,96fe0e1a-a137-480e-b782-f718ebb1604b,2025-06-11T09:44:52.609336,fulfilled
300bbbb0-188c-4f97-8900-71145c5c4112,a3b9a9a3-78fd-4f7b-b099-df4431b6f9c8,2025-08-20T09:44:52.609336,pending
c46e8693-79c7-44f1-a045-7dcb0b2f4f03,8158d95e-0689-4d73-ac32-827520e0e6c4,2025-07-01T09:44:52.609336,cancelled
85b67130-5ffb-4f2c-8392-4ec423f63099,b7435dc9-87c4-47f9-85d8-1b7a7a8953ca,2025-08-05T09:44:52.609336,processing
092526a9-a602-44a8-9c29-129a77c80765,d911b288-9646-479e-8cdd-39fbf72890b9,2025-08-04T09:44:52.609336,processing
c1ab7c2f-c023-43c5-a62e-5afaaea56dd1,02302948-d9e3-406c-b36d-d6f668c98240,2025-06-05T09:44:52.609336,processing
337d9cdb-af31-41eb-99c5-0cfd6e00668f,a9311a01-e605-4aa6-9970-ad9bf7b8974c,2025-05-18T09:44:52.609336,processing
de94de00-c0a2-4121-8b39-6e4602bdbed4,6d81963f-92d3-4760-9c32-b7ad0876f636,2025-08-03T09:44:52.609336,fulfilled
d9f1f7ed-4a5f-45ca-b420-59a63f999da9,63c16cd4-de0c-4470-a5d4-b324753800d6,2025-06-17T09:44:52.609336,processing
6b7d28c5-5948-4834-a09c-4f3e83d4dea1,026b433e-6822-416f-8797-c87c814a7450,2025-09-30T09:44:52.609336,pending
286a4d95-3568-4554-ae0d-867b26cf5a20,d1ecd3db-4065-482b-a856-42e84b3a5f2f,2025-06-04T09:44:52.609336,processing
abf29e09-48d4-4ead-8d1d-1a4fe20b87b9,24a9a55f-765f-4724-8e90-83a74508890c,2025-11-07T09:44:52.609336,processing
c42c56a7-b4ca-44f6-85da-09f94857c30a,3a2480f8-f2bb-460d-b03c-ec2b6c2d8b39,2025-09-19T09:44:52.609336,processing
c17a4cfc-6c57-4dff-9648-4e2e2f5016f5,0f833877-9fac-4e71-887b-4d586f54ca60,2025-10-17T09:44:52.609336,pending
dc4e5c2e-9ee3-495d-a97a-94a303ad85f4,56792f08-7328-4d87-82d3-b1c14ac3c8a0,2025-11-11T09:44:52.609336,processing
4c232cac-0f12-409d-a6d7-e095411a681e,d1ecd3db-4065-482b-a856-42e84b3a5f2f,2025-06-09T09:44:52.609336,processing
b1f3528f-c69e-45f0-a3f5-aa70f22edf1b,5d3b0a9b-cbd7-40d8-a283-ca9cb8e56f84,2025-09-03T09:44:52.609336,pending
d8376113-f2db-4760-87a3-9b9206bbcfa9,986376aa-e68c-46d3-928f-938c692906d4,2025-05-24T09:44:52.609336,fulfilled
9d886fb9-00af-4eea-9e0b-3ad929a43ef3,fb154923-3a17-4b46-bd7d-6028c0dc6391,2025-08-26T09:44:52.609336,processing
ef48f228-d171-4cfc-aeb5-cbca7e3a6bc8,fb8c85bc-8e68-4fbc-9872-4dd8f2f53e44,2025-06-15T09:44:52.609336,processing
1741e33f-3090-4b05-8e05-24c57bd27af6,4c400eab-2b82-414c-9f4b-e26141b4a433,2025-09-15T09:44:52.609336,fulfilled
9c805a0e-27b2-444c-a77d-14b1def66fe1,8ca1ff62-f75f-4885-9583-be112f610467,2025-07-14T09:44:52.609336,fulfilled
b5632da4-2353-4cd7-84e0-b6a1d64a5f40,2aa4595c-10e9-423e-80ae-77db488408b7,2025-09-28T09:44:52.609336,fulfilled
21e211f9-51b4-4633-a477-5b2fb5ff6d1a,bd5ac058-0efb-44fa-849e-5e554cf16217,2025-09-05T09:44:52.609336,processing
c6cba2a3-6518-4c35-ac4e-b99624ead5bc,a52f4cc1-6d77-423b-af5c-7fda05f77834,2025-07-17T09:44:52.609336,fulfilled
8fdb6dc0-fae5-4355-83a2-e5abb861120c,8e1aa7c7-ea93-4340-9377-a70beca5df1c,2025-08-05T09:44:52.609336,processing
c920834e-fad6-45a1-a2e7-b14ffb222d7c,3a2480f8-f2bb-460d-b03c-ec2b6c2d8b39,2025-06-26T09:44:52.609336,processing
7c9c5599-0e02-461b-b6fc-fcf30dd46419,dd4de91c-d4a8-4932-8445-350f2469ae3d,2025-11-06T09:44:52.609336,processing
4abd5144-097c-4d1a-b488-f0e2f862e1c6,8158d95e-0689-4d73-ac32-827520e0e6c4,2025-10-18T09:44:52.609336,processing
580d5b65-c91b-4723-9c62-f54fffe07ada,821c5d4d-1c22-4888-8333-6095b1d2d9d8,2025-10-18T09:44:52.609336,processing
ddf84fbb-199a-4bb6-a325-326299fd133e,d911b288-9646-479e-8cdd-39fbf72890b9,2025-09-13T09:44:52.609336,processing
296234ef-9d6f-4c6d-acce-c46b3a93653b,4c400eab-2b82-414c-9f4b-e26141b4a433,2025-10-02T09:44:52.609336,processing
d59e0bc1-1be6-4f63-9ac4-2db33fea145f,f0ced0f4-e9b1-4abe-bc6c-7980a6feef1a,2025-09-19T09:44:52.609336,pending
037f8655-1ea9-449a-aecd-477954b5c81a,026b433e-6822-416f-8797-c87c814a7450,2025-08-27T09:44:52.609336,processing
e14de9f7-0048-4d7f-b34a-2bfdee46a98b,2a63f9b5-7205-4407-9e18-9917c9f6c1a4,2025-06-24T09:44:52.609336,processing
0071d2ff-d611-4c5c-907f-a03677451f1c,d911b288-9646-479e-8cdd-39fbf72890b9,2025-05-19T09:44:52.609336,pending
9b54c168-4824-43e5-9838-e64b168b8d51,2a7caa57-5ccb-4097-93ee-88795b888d8e,2025-07-26T09:44:52.609336,processing
9e105298-820b-4cbc-810d-faa605118b38,c038774b-5c9b-47c9-97b3-17b32434dfb3,2025-05-24T09:44:52.609336,fulfilled
3017bb41-cecb-4e70-96ff-d227a2d7df26,3418e873-0858-4454-9e7d-8eacabbe9cf7,2025-11-06T09:44:52.609336,pending
51b1bcda-cd83-4633-aaa0-ddf5e242e6a4,4bfde344-8b85-45f7-a35f-dec7a1049dc1,2025-09-17T09:44:52.609336,fulfilled
be7864d9-bd83-49be-9359-bda0c882c0fd,120fd05a-ede8-4524-bc4c-04bf4ae4e701,2025-08-15T09:44:52.609336,fulfilled
32a22948-ccac-4d22-9a99-8433279712d3,fca3c71d-3990-4b8f-9788-127bcfa2246e,2025-07-12T09:44:52.609336,processing
f2a2d001-9fa9-436e-9171-47ec87079ca6,026b433e-6822-416f-8797-c87c814a7450,2025-09-24T09:44:52.609336,cancelled
cd0ef83e-46ab-4f39-a6d8-e87f37167c7e,f1b27cf3-4497-42ce-ade0-741cf803efbf,2025-08-23T09:44:52.609336,pending
c124a47c-fcf6-41de-8e4a-053b3ae35853,dcf992c6-b603-4569-bbd4-c052291df8df,2025-06-30T09:44:52.609336,cancelled
516f4e1d-5686-488c-94b5-ff35f3ad5976,a04a91a9-d970-4212-8e7e-a5bd9910faab,2025-09-06T09:44:52.609336,processing
8ad7cb26-aba4-4914-bd06-29930a9cae19,8054f2b3-191d-4cb9-9f00-eb420b82acce,2025-07-20T09:44:52.609336,fulfilled
6930e98f-5f7d-4d22-854b-1b4370ab2dda,df4b4907-9fcd-4107-9e32-99e3e2536f90,2025-07-24T09:44:52.609336,pending
208fd7ff-2f09-422a-9636-7bd123804930,4b1527fc-8c3c-4313-9000-583a64f518f2,2025-11-04T09:44:52.609336,fulfilled
ceb2c4e8-08c4-4596-a3c7-7832f309c8ff,d5a56fb9-17fc-49b8-9041-05827c52404f,2025-05-18T09:44:52.609336,fulfilled
166d80c7-b1c0-45ae-bb92-13c3b2ec38da,0804f86a-f31d-4d06-b8fc-0ed8c9b4a021,2025-10-24T09:44:52.609336,pending
4976ccc4-4117-4d2e-8d3a-d241ba24e014,615e346f-4cbf-4676-a419-17574eb829c3,2025-10-07T09:44:52.609336,fulfilled
44b1cbc4-e081-485b-8d19-8e441e7ed4ee,b5842f56-a902-4570-9db9-4ce6ca508b82,2025-10-21T09:44:52.609336,pending
2ebbd859-46a5-4905-a28e-b5eef96cb6e6,6d81963f-92d3-4760-9c32-b7ad0876f636,2025-06-07T09:44:52.609336,fulfilled
663c3002-1164-40ab-aa85-9b72961ed86e,4c400eab-2b82-414c-9f4b-e26141b4a433,2025-10-03T09:44:52.609336,processing
42b8f653-e34c-4038-9e88-066a39292f08,5a039243-4cf9-4584-8db2-fdf848a7dac1,2025-07-04T09:44:52.609336,processing
2d7bb1b3-4a23-4543-aa81-fab26fab16c3,d5ae0352-44bb-404a-9c56-0bd60dcd1e4a,2025-11-08T09:44:52.609336,processing
ab24b812-7f03-45c1-88f0-7361c3dec2fa,29c0f4b4-93c4-4659-acbb-8055c02077b8,2025-09-26T09:44:52.609336,processing
6bf19443-15a4-4d40-a203-456294feefaf,d1ecd3db-4065-482b-a856-42e84b3a5f2f,2025-05-22T09:44:52.609336,fulfilled
c65d9dea-1b41-48c3-bfd0-203b13991017,6d109ab3-31b1-4169-9bb6-68f58caeebab,2025-05-22T09:44:52.609336,pending
9e062aec-0d87-4634-9570-10753f783ddd,3a2480f8-f2bb-460d-b03c-ec2b6c2d8b39,2025-06-25T09:44:52.609336,processing
e75ce370-e838-4693-a8c3-47807aab8234,a04a91a9-d970-4212-8e7e-a5bd9910faab,2025-09-29T09:44:52.609336,processing
163b2113-0d5f-4b34-ad01-b8bf20200bbf,7fe3f1f0-9bde-4f1a-9db6-1f7be64a06bc,2025-08-21T09:44:52.609336,fulfilled
dcbb10e3-1353-4a1e-a74b-791f4d550e23,dd2267db-2381-4d5f-975a-41dfc4059b4e,2025-07-20T09:44:52.609336,processing
2c73a066-ce3c-40ff-8c4a-1e0c8ebf9da2,5d3b0a9b-cbd7-40d8-a283-ca9cb8e56f84,2025-09-04T09:44:52.609336,processing
81d51e5e-b1ac-43c3-aef2-1e5277622702,dd2267db-2381-4d5f-975a-41dfc4059b4e,2025-06-22T09:44:52.609336,processing
bf8be0b6-70a3-4146-a6aa-59a257fd5c80,aa328ce7-6fa9-4429-af95-5fd63f639947,2025-08-12T09:44:52.609336,processing
4b9ae87f-9203-4832-b6ee-e6c2414731a2,a04a91a9-d970-4212-8e7e-a5bd9910faab,2025-06-11T09:44:52.609336,processing
014cbc9c-5816-4746-b930-30699c5c66e1,6d81963f-92d3-4760-9c32-b7ad0876f636,2025-10-26T09:44:52.609336,processing
9c1c8384-5113-4ce6-bf9b-039f5b007f8d,33e41c03-97b2-4936-b312-20edb32fd9bc,2025-10-09T09:44:52.609336,processing
c7e6ab12-0a30-41c5-b647-c99bafe8a2aa,821c5d4d-1c22-4888-8333-6095b1d2d9d8,2025-08-30T09:44:52.609336,fulfilled
38bafac2-4a0b-4195-b8d6-a460567b7a1c,6d81963f-92d3-4760-9c32-b7ad0876f636,2025-10-02T09:44:52.609336,processing
0166a34b-132c-4c71-b2b2-ef32e9169e5a,7ca0a2b1-737b-4bdb-941c-9b9c2ea25d30,2025-06-24T09:44:52.609336,pending
067dce29-a9be-4fbc-992d-443b8f9c7981,6fda549e-6880-4e25-95f9-0f14e2b198fc,2025-06-06T09:44:52.609336,processing
5b952689-ab86-453c-88ae-1a791cace0aa,a52f4cc1-6d77-423b-af5c-7fda05f77834,2025-08-24T09:44:52.609336,processing
d5fbaf45-aa05-47e0-a320-72404529d649,bb93ce4b-a5b7-4dbf-9938-485e67ed2903,2025-08-11T09:44:52.609336,fulfilled
2884d9f0-faf6-48ce-8eda-eb283d79ec22,3a2480f8-f2bb-460d-b03c-ec2b6c2d8b39,2025-06-04T09:44:52.609336,processing
022f75ef-79b9-4581-bb26-4648e0a997e3,2aa4595c-10e9-423e-80ae-77db488408b7,2025-06-07T09:44:52.609336,processing
44086598-a6bb-4e81-81bf-8f42cc5733be,871c90c0-2a34-423d-aa95-32060b6db5b6,2025-09-16T09:44:52.609336,fulfilled
489475de-ada0-44eb-bc8b-0e168c6bb383,8054f2b3-191d-4cb9-9f00-eb420b82acce,2025-08-15T09:44:52.609336,fulfilled
7cb69744-5c03-4e2d-bd58-2f74ebfebc77,af5a02d0-405f-4089-82a6-ee65e0f0665f,2025-10-09T09:44:52.609336,processing
a10f0990-bd5d-4904-8c39-6bd521e10157,2aa4595c-10e9-423e-80ae-77db488408b7,2025-06-24T09:44:52.609336,processing
0294161c-e0b9-4831-9a02-be2537aa42ea,b0fe392d-2e69-4756-9d20-8d447291d883,2025-05-30T09:44:52.609336,pending
e82c4c56-4c7c-4f6a-8bf2-0a7f9e42b289,addf5436-6f3a-42bb-a42a-793c10bc50e9,2025-06-06T09:44:52.609336,processing
e2e3bca8-4128-413c-9c37-fab5641730fc,6dd8821c-81ec-4e2d-bd15-2c8dcb939aea,2025-11-08T09:44:52.609336,processing
78017fb0-f127-4392-bea3-2be136d75ed1,f6ddd947-7e2b-4a2d-acc4-81208a2a99f7,2025-10-15T09:44:52.609336,fulfilled
3aaa2d8f-6549-4d6d-95e6-844cbb32d872,e056f8ca-6d76-44ff-be1d-614499312fa9,2025-06-07T09:44:52.609336,pending
0a3cdc20-19c4-491e-a89e-b894d1de4f58,f9d67a4d-f7c6-4444-87c5-8a3e69069449,2025-06-04T09:44:52.609336,processing
4a93c2b0-9107-40e4-aa51-63142e806e6a,2e90a3b8-c1c4-4ef0-a34c-912cbea9d00a,2025-07-10T09:44:52.609336,fulfilled
821110d5-de05-4ebc-b273-baca1851c3ec,54530054-e722-4417-914c-2d5d0a46f5a9,2025-06-25T09:44:52.609336,processing
742b4a3b-25ca-43c0-9f09-96729bf96707,042b1348-2e57-451f-8191-74b81bbc8598,2025-09-16T09:44:52.609336,processing
6b80b0e0-f407-4c3a-9f2e-e56024f54e0a,a52f4cc1-6d77-423b-af5c-7fda05f77834,2025-06-20T09:44:52.609336,processing
9ee8c516-695a-4d58-b0fb-3536ce7ef07c,8d2c3289-30a2-4125-874b-d511685dd574,2025-09-28T09:44:52.609336,processing
74bbb0f5-7bad-45cf-8ca9-9151ff2d33af,2af40778-7261-49b0-9212-4f442478f608,2025-08-21T09:44:52.609336,fulfilled
5f3e521b-ae7a-40fb-911d-c00d092e6de5,082303c3-22d5-4b40-946e-31dc91c23790,2025-10-17T09:44:52.609336,processing
ab654fa4-afab-4bdd-b994-26b04096ef3f,e5d007b6-1d83-4c38-94b7-5a893e7004e0,2025-11-05T09:44:52.609336,processing
1db1c6b3-3ee7-4242-ac73-bf7a839fc957,caa8682c-a4c0-4f65-860d-f690c49624e7,2025-07-30T09:44:52.609336,fulfilled
cdd8f6a8-c819-49b4-aa20-1cc1e26b430b,3944659d-e361-428c-8e24-5246a72d1636,2025-05-26T09:44:52.609336,fulfilled
abc315ab-dcdb-44f6-8b7b-e967655e14e3,beb85e34-3af7-40a2-801f-5628466e2562,2025-07-16T09:44:52.609336,processing
a63fdf8e-3140-435b-84a9-a466bc485209,512058e1-864e-48c9-ad5b-ac3ab685caec,2025-07-05T09:44:52.609336,processing
341eea02-0ae0-4de6-9e38-53f0f013b047,5a039243-4cf9-4584-8db2-fdf848a7dac1,2025-08-20T09:44:52.609336,fulfilled
f07478b6-ef28-4135-8e4e-79a35e1bb06c,e5cdf996-05ed-4fab-9b07-676031f37c58,2025-08-09T09:44:52.609336,processing
418b65b8-08b8-458a-a1b9-3c92b8dd841d,e9856c04-711b-4f2a-aa3d-596528a89885,2025-10-28T09:44:52.609336,fulfilled
854cbda7-fe66-46ff-9c32-2e8f04845c08,b7435dc9-87c4-47f9-85d8-1b7a7a8953ca,2025-09-08T09:44:52.609336,processing
5b8321cb-c693-48cc-858a-0c2c81b705d1,e5cdf996-05ed-4fab-9b07-676031f37c58,2025-07-07T09:44:52.609336,pending
04065711-989f-4946-ac64-326f2e7c4406,fe5da68b-467e-420d-bc3f-a7f98b36d649,2025-07-22T09:44:52.609336,fulfilled
55b01b76-dbbf-4574-a3fd-969eadda7c67,3a2480f8-f2bb-460d-b03c-ec2b6c2d8b39,2025-10-18T09:44:52.609336,processing
846bf7c3-1139-41b2-9086-724a97f5a0a7,27ab5e99-4b6e-481e-a1ca-794b5e988ee4,2025-10-24T09:44:52.609336,processing
f6b9402e-33c7-455b-b707-9c6e84f41ea3,821c5d4d-1c22-4888-8333-6095b1d2d9d8,2025-07-16T09:44:52.609336,processing
87789f2b-d857-458a-88cf-0a29a300198d,bb93ce4b-a5b7-4dbf-9938-485e67ed2903,2025-05-22T09:44:52.609336,fulfilled
2aec53d3-d92d-4e9f-8c55-c5b8388e724e,870b78c8-081c-45ba-8f8d-fea47c98e8c9,2025-09-13T09:44:52.609336,fulfilled
4bf7051d-782e-4d7e-8fbb-ccd8c01eeb92,10eebd24-50cc-44bb-90c3-48285eaa55a2,2025-06-27T09:44:52.609336,processing
71f7eeb5-e78d-4a81-84c7-a72b88772eb1,35eadade-508b-4270-bfa7-a7ce16af9f11,2025-09-18T09:44:52.609336,fulfilled
3c5c1cb4-5f58-4bba-a26a-5b638bc4f710,a1cbd5bf-f923-4154-9b08-0667f8f99331,2025-11-07T09:44:52.609336,pending
6f6a6e1c-aca8-4e17-a73c-47d16cd38c9d,a3dd6f4a-7e7a-4fe7-b268-8c0b599c22bf,2025-08-16T09:44:52.609336,processing
c9f8f96b-9164-4e55-a506-0dcc4bb5e962,aeca003f-26dd-46fb-be95-3e69695f1b0b,2025-09-06T09:44:52.609336,processing
3fdd2c82-aac7-4c1b-b4b4-947fbaccb9b6,f9d67a4d-f7c6-4444-87c5-8a3e69069449,2025-09-09T09:44:52.609336,fulfilled
e540adeb-486c-42bd-9325-41c3e1f60e08,6184e5e3-fae7-4b7a-b501-876b851384ac,2025-06-28T09:44:52.609336,processing
65b51c4b-3648-4b65-89b7-b76a7c0b4fa0,a5b407e6-0bb8-4a3f-8e20-13236c460570,2025-09-09T09:44:52.609336,processing
cfaf2e83-bd5c-4c58-92d0-575c222ac06d,a52f4cc1-6d77-423b-af5c-7fda05f77834,2025-07-28T09:44:52.609336,cancelled
e89a288f-2f66-44f2-96e1-0d01e68e3b73,9235e8e4-c183-4bc7-96e4-6315468eefd1,2025-11-09T09:44:52.609336,cancelled
e433a07b-1ca8-4b21-b7ef-b570c525c1da,fd0c2c0f-0c3d-4c12-9c6f-78db36a4b16f,2025-07-10T09:44:52.609336,processing
89046b9f-a9bf-4531-a03f-a257c932d9fd,8ca1ff62-f75f-4885-9583-be112f610467,2025-06-26T09:44:52.609336,processing
cd921526-3849-4668-ac96-9a69ed0a1c72,6fda549e-6880-4e25-95f9-0f14e2b198fc,2025-05-20T09:44:52.609336,processing
680d1e14-6d99-46f2-92cf-737abe8326af,d21f1674-02e2-40f9-814d-2ae55fd16bfe,2025-08-24T09:44:52.609336,pending
c08fbfe1-2d15-4ba0-8e8e-d9f098c6a124,bad0e0a0-cefc-4904-9f74-b92044835b05,2025-09-29T09:44:52.609336,processing
b4b4b76a-6ba9-4cb8-9b2f-87c1a3edd3a0,a52f4cc1-6d77-423b-af5c-7fda05f77834,2025-10-17T09:44:52.609336,pending
bc748ce9-83ff-4fe4-9085-f94c473e20be,e9dd28e7-69ed-4b19-9b66-8bfac82f1743,2025-08-01T09:44:52.609336,fulfilled
1946a95d-5914-41d8-be77-8af5c80777d6,80b9fca3-3dba-4676-bbdd-70d2d69728f5,2025-10-12T09:44:52.609336,processing
5679985d-6328-4d7f-ba15-ff18d89eede5,d21f1674-02e2-40f9-814d-2ae55fd16bfe,2025-11-05T09:44:52.609336,processing
37ce1671-3096-4657-b50c-1de5684acb45,33e41c03-97b2-4936-b312-20edb32fd9bc,2025-09-21T09:44:52.609336,processing
23a2084a-4b89-4ced-bece-d3305a1a4977,2a63f9b5-7205-4407-9e18-9917c9f6c1a4,2025-08-08T09:44:52.609336,processing
1b32431d-c9ef-4b37-b357-f0fca3215fb8,45f0b070-b7e1-4508-851d-c64dce0a24ea,2025-09-19T09:44:52.609336,processing
d382c13e-7b99-4f06-a54d-7ab5950ca332,beb85e34-3af7-40a2-801f-5628466e2562,2025-08-13T09:44:52.609336,processing
637279f9-b276-49a5-a89e-240f2656c639,a85fdada-26ad-419c-9159-9a814f6d09de,2025-06-04T09:44:52.609336,processing
0e816844-ca72-4e26-a99d-e2406945db1e,3732f26d-69c7-414b-93c3-70809ced0c78,2025-10-23T09:44:52.609336,fulfilled
5c1994df-af77-49f9-bfd4-617130259433,a3b9a9a3-78fd-4f7b-b099-df4431b6f9c8,2025-08-01T09:44:52.609336,processing
a15c7b44-7b3a-4413-9f58-b718bcf2bfa7,24a9a55f-765f-4724-8e90-83a74508890c,2025-06-04T09:44:52.609336,pending
dfe823cb-8d42-4c92-8db0-c62a9013ce46,4c400eab-2b82-414c-9f4b-e26141b4a433,2025-10-17T09:44:52.609336,processing
ecf7dabc-f7d9-49af-8de3-b0d7adbb17e3,348fc74a-6c8a-4caa-b0f7-1597010bb4b7,2025-08-13T09:44:52.609336,pending
94715448-69c8-47c2-9349-2a57f6d7dbc6,76642635-117d-412e-8217-6eb033c6fac4,2025-07-23T09:44:52.609336,processing
352b26ae-2478-4b18-8442-5bfb6e69125f,0aa5bc2d-2f7b-4175-b5a0-f3e8833fbdb4,2025-09-05T09:44:52.609336,processing
b8b066e5-c245-424a-b959-1a0128999f7a,a04a91a9-d970-4212-8e7e-a5bd9910faab,2025-09-20T09:44:52.609336,processing
89cc955a-e802-46b0-9b98-cc66aeedb3b8,35eadade-508b-4270-bfa7-a7ce16af9f11,2025-05-18T09:44:52.609336,cancelled
7d34a18c-bc1d-45e5-bdff-1b44ac25bbe3,2aa4595c-10e9-423e-80ae-77db488408b7,2025-11-07T09:44:52.609336,pending
fd1aa64f-aff7-446d-a2ac-6789cac74323,b5f9e7b9-4631-4dce-8e48-5d0633e5ae1b,2025-09-11T09:44:52.609336,fulfilled
c6adfbc7-00d0-4f9e-bef8-0a3f3d69e7d8,6184e5e3-fae7-4b7a-b501-876b851384ac,2025-08-30T09:44:52.609336,processing
d0892981-c531-4358-8019-0d469d02f93c,7fe3f1f0-9bde-4f1a-9db6-1f7be64a06bc,2025-08-02T09:44:52.609336,processing
5abb9658-49e8-4376-ab6b-1d609dc73820,852628e9-50a4-441f-a3db-57d37f151bff,2025-10-23T09:44:52.609336,pending
453b0dd7-e61c-4ff4-a287-d286c9256b60,a5b407e6-0bb8-4a3f-8e20-13236c460570,2025-09-19T09:44:52.609336,processing
2181d3b7-967f-4012-84ab-8dc9da64daa3,d911b288-9646-479e-8cdd-39fbf72890b9,2025-11-05T09:44:52.609336,processing
ca204810-758b-464f-b11b-ce9f5b4f8b4b,593f5c4c-9c74-4673-af67-5188c30754c4,2025-09-09T09:44:52.609336,fulfilled
d90214d6-7460-4b0e-a7b3-99d4eea3dcba,ff7befd1-a83d-42c8-961d-e437700c8d0d,2025-05-23T09:44:52.609336,processing
6afebaa6-dd72-4091-9301-1ae851058a0e,042b1348-2e57-451f-8191-74b81bbc8598,2025-07-11T09:44:52.609336,processing
87ab5777-b5bb-4636-8dd8-5454cc8f0e67,a04a91a9-d970-4212-8e7e-a5bd9910faab,2025-09-06T09:44:52.609336,processing
13092f1e-5098-4cf8-8f62-c99078bf7c7a,b3e89c95-1f15-4761-a4f4-61469ca702f8,2025-05-29T09:44:52.609336,pending
e4a9d51f-83b3-4dee-a7be-35e795c95a9d,872e2d6a-7a24-4452-8468-07d551ca351f,2025-06-14T09:44:52.609336,processing
12b9ec7c-3cdc-4278-b01d-a0eced38615e,852628e9-50a4-441f-a3db-57d37f151bff,2025-08-25T09:44:52.609336,pending
57c25fee-3c39-4368-881e-aaafe6095f01,13b44982-3a4b-48d7-a9f0-0ff8a1009938,2025-09-02T09:44:52.609336,pending
906e66ab-db96-4a51-8b72-587230f79a03,7d6bc041-9848-46db-bc23-b41f565d0c26,2025-09-03T09:44:52.609336,fulfilled
d6f7d478-3b47-4524-95a1-a3b7cf6e73b1,5a397341-db03-4ed3-8aee-44a3adf5d7d7,2025-09-06T09:44:52.609336,cancelled
a9dda0ad-50a1-40f6-969b-c4bb42bf4314,db9ff0ce-b7c2-46b0-b4e0-d574aa3e9ef7,2025-06-06T09:44:52.609336,processing
18927273-c37f-4510-bdd7-615c73547174,3a2480f8-f2bb-460d-b03c-ec2b6c2d8b39,2025-09-23T09:44:52.609336,cancelled
50d62047-b737-4e54-b6de-9111c8e65614,aba54843-55b0-43b9-a12d-3cf418dc31a0,2025-09-24T09:44:52.609336,fulfilled
5f1a4415-0541-4763-85f7-18ea8299c1bd,2af40778-7261-49b0-9212-4f442478f608,2025-05-22T09:44:52.609336,processing
dd814c80-5018-44fe-8bae-795f88bc81b6,d1ecd3db-4065-482b-a856-42e84b3a5f2f,2025-06-30T09:44:52.609336,processing
876d6b29-0837-4681-acc4-f2ac2bf9df0f,6fda549e-6880-4e25-95f9-0f14e2b198fc,2025-09-10T09:44:52.609336,pending
4627c836-81cc-4a12-bfab-dd7b26cb4e94,a3b9a9a3-78fd-4f7b-b099-df4431b6f9c8,2025-05-21T09:44:52.609336,fulfilled
c1571445-b972-4e3e-997b-22223cf95dbd,8465aa5c-0070-4109-aeb7-b3e01ef2a778,2025-09-24T09:44:52.609336,processing
3c555c21-11d0-4c8c-a5b2-ca238b0205ae,1a344603-80fd-4073-826c-c3b2f175f089,2025-07-12T09:44:52.609336,pending
585059cf-03fc-4e22-83c1-8528074082f6,b7435dc9-87c4-47f9-85d8-1b7a7a8953ca,2025-10-19T09:44:52.609336,processing
8692105f-8e9d-4bb6-90e4-e903ca794946,a52f4cc1-6d77-423b-af5c-7fda05f77834,2025-11-01T09:44:52.609336,processing
d49c3abe-7122-4954-84cd-4cd97d7911df,f1b27cf3-4497-42ce-ade0-741cf803efbf,2025-08-12T09:44:52.609336,pending
cd53d39c-9b1b-4987-b346-a0580913659e,56c520a9-f977-464d-a94c-9455806ee272,2025-07-29T09:44:52.609336,processing
6fb7dfa1-1a2a-4330-9959-3e231ad829af,4ec4f558-3299-4087-bc9f-07c769522ffc,2025-10-31T09:44:52.609336,fulfilled
b44d29be-1052-4547-a12a-1f2a2d5f4f0f,c782a45f-efc9-4ec9-87bc-081718c37d1a,2025-05-31T09:44:52.609336,processing
c27c1c34-45ce-4af4-8e62-dad320f458d8,7d2851b5-06de-47f8-a1ee-1eb9c0b2cbc5,2025-07-05T09:44:52.609336,fulfilled
44241a33-cc54-48c4-83cf-f59ef7f27978,caa8682c-a4c0-4f65-860d-f690c49624e7,2025-09-10T09:44:52.609336,pending
cf87ee36-4d4a-4423-8125-e1616f456b85,da1e241e-7db1-4316-80a9-414e66f9831e,2025-11-04T09:44:52.609336,fulfilled
d558e3a9-b117-4dab-9886-034d879bf379,33e41c03-97b2-4936-b312-20edb32fd9bc,2025-07-06T09:44:52.609336,processing
313f4019-4394-42a3-ae71-d5053a87081f,8465aa5c-0070-4109-aeb7-b3e01ef2a778,2025-08-24T09:44:52.609336,processing
393e8b3b-d71c-48f4-8f70-6689fbcf3c3d,02302948-d9e3-406c-b36d-d6f668c98240,2025-11-06T09:44:52.609336,processing
0ba46abe-e8ba-4042-ac6b-1f5b3b7fdd6f,ac60bf65-69a4-4a4f-95c0-8f146504f902,2025-10-15T09:44:52.609336,pending
465c7c7f-3a1e-4d70-b7e4-792aeeb102c7,e61a2a27-2d96-4ff1-83c9-27087b749116,2025-10-10T09:44:52.609336,fulfilled
6b4144c6-42e1-49f6-8e7f-f40e1ea4761c,e5cdf996-05ed-4fab-9b07-676031f37c58,2025-06-24T09:44:52.609336,processing
638f83e7-c5b4-4ce8-8c39-9335a38d7fe8,6eb7ad33-72d1-435c-9a31-d278658cc638,2025-10-16T09:44:52.609336,processing
019f5588-c268-485f-8932-c220ae850080,5b70ee7a-667a-42db-8b8a-a0f3ffc4dfe8,2025-07-23T09:44:52.609336,processing
992c8ef0-e467-4b62-afcb-dddfa4c202d7,9235e8e4-c183-4bc7-96e4-6315468eefd1,2025-07-28T09:44:52.609336,processing
34eafa52-6ef5-4c1e-9583-a34e53b94ec6,6d109ab3-31b1-4169-9bb6-68f58caeebab,2025-08-28T09:44:52.609336,cancelled
2c1887f0-65c9-4d7e-82af-35ffe9c03bfe,af5a02d0-405f-4089-82a6-ee65e0f0665f,2025-09-14T09:44:52.609336,processing
36cfe54f-bc5e-4555-916d-8d84a14d3018,559bc212-0789-4285-abee-25aed471ef22,2025-10-09T09:44:52.609336,processing
00c333a3-e12f-4732-b171-145cd5df008f,bd5ac058-0efb-44fa-849e-5e554cf16217,2025-09-21T09:44:52.609336,pending
c8208f23-6893-4774-8587-f6aa744eb930,2ba4096b-9e5a-485f-938e-6df20f4b774c,2025-10-11T09:44:52.609336,fulfilled
a15824a3-9f96-4960-9c8b-06ba6f3caa62,8e1aa7c7-ea93-4340-9377-a70beca5df1c,2025-05-31T09:44:52.609336,fulfilled
cd3d1ec3-ea27-4a83-9246-9c448aedb2a7,f8557ddb-fb0d-4bea-98e9-5b79549eda12,2025-07-27T09:44:52.609336,pending
1f6c1424-b650-4d21-86f7-b7f535bf3154,829d924c-2881-45df-9dd3-89a97d3e6bbe,2025-09-15T09:44:52.609336,processing
85294f61-f95f-44b5-9e3c-51cf168aac35,8c4855e6-fb9a-4424-b5be-1ee5911bcef8,2025-09-05T09:44:52.609336,processing
bc95afa7-e07f-498f-b740-1e8b322bd9c7,c351181b-2803-4942-a140-3eb0319bee7c,2025-09-21T09:44:52.609336,processing
392c0ca5-8abd-468b-ab2c-192a3c3ff21b,5a039243-4cf9-4584-8db2-fdf848a7dac1,2025-10-13T09:44:52.609336,processing
41a82ea1-1fd0-46ec-9f92-1c2f1c18e4c3,fd0c2c0f-0c3d-4c12-9c6f-78db36a4b16f,2025-10-28T09:44:52.609336,processing
452779a2-ebf7-4949-bd9d-3b82669ec75f,8ca1ff62-f75f-4885-9583-be112f610467,2025-07-24T09:44:52.609336,pending
a6e13e44-ce1c-457d-ab5f-c669b7844acd,0e9efab0-c0ce-4ad2-ae66-f09a90cfc158,2025-10-30T09:44:52.609336,pending
d71518ee-1f62-43ec-a50a-69cb67d01111,5d3b0a9b-cbd7-40d8-a283-ca9cb8e56f84,2025-06-13T09:44:52.609336,fulfilled
33292a62-0b17-42ce-ad49-bfef23089712,4edb33ee-ff62-42ec-bd01-ace3c2d644d2,2025-09-06T09:44:52.609336,processing
3ab1b56d-0e8d-41ac-8487-9b7ab9a14c0f,d1b8f2b0-879f-4149-af3c-f6e47fe4d2f4,2025-10-13T09:44:52.609336,processing
1b08675b-1a3d-4bb3-9191-32c1cec3dbd9,63c16cd4-de0c-4470-a5d4-b324753800d6,2025-06-16T09:44:52.609336,pending
c2a5c53e-b3ab-4cac-b606-cc2a2fdfd5b0,e9dd28e7-69ed-4b19-9b66-8bfac82f1743,2025-07-04T09:44:52.609336,fulfilled
729ec9ff-93f2-40b5-94a2-8bb9207e819a,a04a91a9-d970-4212-8e7e-a5bd9910faab,2025-06-19T09:44:52.609336,fulfilled
b99b7a4d-d9e3-420f-9eae-df3eb15bbb4f,35eadade-508b-4270-bfa7-a7ce16af9f11,2025-05-29T09:44:52.609336,fulfilled
56c891ee-9b63-42e5-a2d7-1fb9ee77e350,35eadade-508b-4270-bfa7-a7ce16af9f11,2025-07-11T09:44:52.609336,fulfilled
889e9a3f-973a-4a6d-9b22-c28c44faff2a,486b9587-00bb-4c33-b483-be7cd8392713,2025-08-11T09:44:52.609336,cancelled
8ef74be5-646e-4832-aeaa-bc66fe35fa95,6eb7ad33-72d1-435c-9a31-d278658cc638,2025-11-08T09:44:52.609336,processing
0eb25b03-b805-49c1-b855-8ded3a82ae6d,77fda50b-89dd-40e5-8c84-af05a0bea986,2025-05-26T09:44:52.609336,fulfilled
2879b3ff-f6b0-418a-9f17-46f215cd5e1b,d5a56fb9-17fc-49b8-9041-05827c52404f,2025-07-08T09:44:52.609336,fulfilled
85957ba9-b7a7-4184-9600-21754d0429c1,7269b8c8-2ac2-448a-962b-4325945e49f4,2025-06-08T09:44:52.609336,fulfilled
af8cf744-bad3-4bbf-b750-8f29090a3e7b,9ea88a5f-24d1-47a0-a9f7-dc002938e915,2025-06-11T09:44:52.609336,processing
bb955e34-e91a-4f9c-bc23-f7c2eb5cd31f,fb8c85bc-8e68-4fbc-9872-4dd8f2f53e44,2025-10-10T09:44:52.609336,pending
9c6fd123-1c73-4e88-bbdb-42531fbe35de,29732d26-e781-4fd0-8529-b60ff1c761ee,2025-06-01T09:44:52.609336,pending
d1bad3e9-ee3f-4560-84f3-d49c1ddad284,a04a91a9-d970-4212-8e7e-a5bd9910faab,2025-09-14T09:44:52.609336,fulfilled
0713d242-78ec-4b69-8176-e6d93e7c052d,f0ced0f4-e9b1-4abe-bc6c-7980a6feef1a,2025-06-20T09:44:52.609336,processing
64bc856b-5898-4f6c-8995-6c8d0fd23a42,6dd8821c-81ec-4e2d-bd15-2c8dcb939aea,2025-08-15T09:44:52.609336,cancelled
cd62cfac-31da-441b-86cf-b1ca03767044,a4e3e349-796b-4a8a-9a81-ee8444de293f,2025-09-23T09:44:52.609336,fulfilled
8515ca51-d0f2-4755-8a99-cb0620e1c406,bd5ac058-0efb-44fa-849e-5e554cf16217,2025-11-11T09:44:52.609336,fulfilled
dac035d1-fbc2-4389-8b0b-aea36f3736ae,b3e89c95-1f15-4761-a4f4-61469ca702f8,2025-09-08T09:44:52.609336,pending
cca5def3-dce7-4146-9e06-8ed19bacc958,026b433e-6822-416f-8797-c87c814a7450,2025-09-18T09:44:52.609336,processing
9e7a6e86-89a9-4670-b57a-f63605483bf3,4355391f-8900-455b-9a04-450e1d26b90c,2025-09-28T09:44:52.609336,processing
a13c680f-2a0c-4ccb-9aa4-011f9908d848,1e1a1044-761f-478c-97fb-8ab2ec9395ab,2025-09-14T09:44:52.609336,processing
dab98442-3946-49da-af05-77682e8bbc5d,8ca1ff62-f75f-4885-9583-be112f610467,2025-09-20T09:44:52.609336,processing
06dc4477-866e-4f7e-80bb-90f72bfa30c1,a52f4cc1-6d77-423b-af5c-7fda05f77834,2025-06-16T09:44:52.609336,pending
0023c90d-40f5-4458-a068-f657717d2620,86d8463d-c2a2-4559-aeef-077d00b31d4c,2025-11-01T09:44:52.609336,processing
64d29832-7268-437a-b711-f3acb22b9d99,48eb48ce-3875-4ea6-9590-bee2edb59f40,2025-10-18T09:44:52.609336,cancelled
815dca72-03c1-4a96-9e41-25a2d17c4fe1,db9ff0ce-b7c2-46b0-b4e0-d574aa3e9ef7,2025-08-06T09:44:52.609336,processing
1678c0d9-3184-46bc-a2f8-517fa3dc2e54,a4e3e349-796b-4a8a-9a81-ee8444de293f,2025-08-07T09:44:52.609336,pending
878df55d-b8b9-4017-bbc5-6b1a39ca3e72,893fbd66-4a2b-4037-a586-d1e137509244,2025-11-06T09:44:52.609336,pending
97152e9b-6749-492b-8ed3-8ab2f4a616e8,d74565e3-aa65-4541-a5eb-5f65f147ddb1,2025-11-03T09:44:52.609336,processing
66d201ea-f0ce-4284-b1e8-b36128a60a28,34a7ff94-6d70-4099-91f0-fe75761f22fa,2025-09-20T09:44:52.609336,processing
dcbcf67b-94a1-4be9-9c94-d39c3e2cad02,5c29bcab-6223-4f0b-b967-412b5655b0a7,2025-07-23T09:44:52.609336,pending
6d4f335f-63b7-432e-a1d6-a7bfaccc4621,3a2480f8-f2bb-460d-b03c-ec2b6c2d8b39,2025-07-03T09:44:52.609336,processing
49ceaadf-f526-4879-bc9d-70fd436acba5,8ca1ff62-f75f-4885-9583-be112f610467,2025-10-05T09:44:52.609336,processing
c134b0ae-d1c0-434f-a0d8-ff164b60e201,50fc4d5f-c574-4eb2-8314-2e6d3fed74d3,2025-06-25T09:44:52.609336,cancelled
bec3a36e-1df4-44f7-9344-04df9b00af00,821c5d4d-1c22-4888-8333-6095b1d2d9d8,2025-08-22T09:44:52.609336,pending
b5954cf6-9f44-4f96-9a80-f2eafb9fc5f6,b3e89c95-1f15-4761-a4f4-61469ca702f8,2025-09-28T09:44:52.609336,processing
3799e586-ac34-4490-9aca-fbf1a701f7d0,cb329d52-b092-4040-9e2f-382b1bf6e52b,2025-07-02T09:44:52.609336,cancelled
edb1a99a-c25d-4b11-ba1f-a406007470a9,2a7caa57-5ccb-4097-93ee-88795b888d8e,2025-10-09T09:44:52.609336,processing
0f92c881-6751-4ba8-a536-a6468bac7d56,512058e1-864e-48c9-ad5b-ac3ab685caec,2025-08-14T09:44:52.609336,processing
cda4b37b-d064-4d7a-a4ad-a5f69f43ed67,b21536dc-6f49-466a-a386-e51cc4c00d6f,2025-10-29T09:44:52.609336,processing
e6f0a6b2-c109-45a4-a5b5-55a0957562ab,b7435dc9-87c4-47f9-85d8-1b7a7a8953ca,2025-10-23T09:44:52.609336,cancelled
146bc1d1-c738-4e30-95c8-897f2a00e58a,c782a45f-efc9-4ec9-87bc-081718c37d1a,2025-10-24T09:44:52.609336,processing
144df8f6-14f3-4db2-88ff-8e58d16f47dc,423e6056-2eae-4784-b4dd-3018fd9768e5,2025-05-26T09:44:52.609336,fulfilled
a1f1334c-7dc1-4e97-a94c-1f89f99fba12,593f5c4c-9c74-4673-af67-5188c30754c4,2025-08-25T09:44:52.609336,processing
b37cc53d-036a-4c11-9635-ff5d403abb74,e5d007b6-1d83-4c38-94b7-5a893e7004e0,2025-09-22T09:44:52.609336,processing
8ba6bf0f-b884-461f-9f6e-c30278484641,f9d67a4d-f7c6-4444-87c5-8a3e69069449,2025-07-25T09:44:52.609336,processing
e57f1e84-2a06-4664-b11f-7fd1072a6ec6,b34687ee-b923-4152-a67e-98096e60f3ef,2025-10-01T09:44:52.609336,processing
4cee1aa2-3ba6-4592-bf93-c200d4679264,026b433e-6822-416f-8797-c87c814a7450,2025-05-18T09:44:52.609336,pending
e52f7a51-2798-46e9-b89e-f040a70b7a19,0e9efab0-c0ce-4ad2-ae66-f09a90cfc158,2025-07-14T09:44:52.609336,fulfilled
8b040077-1309-4e1f-988e-d2de718fe19f,e0f8a1c8-2485-4eb6-b5e9-5449b07e9202,2025-10-01T09:44:52.609336,processing
65c84d7d-c265-41a4-9eb2-efecabfd2ed5,a4e3e349-796b-4a8a-9a81-ee8444de293f,2025-09-27T09:44:52.609336,pending
719869a8-4213-4826-b605-8d6c5521b351,c10092c0-6f87-4cce-9a9a-34c1d13c50f8,2025-07-10T09:44:52.609336,processing
7f46d64d-3c2c-4bbe-9aa8-44ff5c9fc04e,35eadade-508b-4270-bfa7-a7ce16af9f11,2025-06-06T09:44:52.609336,processing
f10f56b0-7c7c-4462-8955-f932ccceb852,86d8463d-c2a2-4559-aeef-077d00b31d4c,2025-06-29T09:44:52.609336,pending
b79c88a4-0f18-4355-94ae-d986aa31b5f1,3418e873-0858-4454-9e7d-8eacabbe9cf7,2025-10-10T09:44:52.609336,pending
d78fafeb-460e-4dbc-906b-c60c7c29cc82,3c105de3-009e-42cc-a945-f479b1663a9f,2025-09-14T09:44:52.609336,pending
4ebe1b5d-1a6b-41ab-8b5b-1f86f5e0957f,28269380-6a7f-418f-a913-f54d92464dcb,2025-06-10T09:44:52.609336,fulfilled
dea59d9f-2304-4312-9386-35a8a0e28e7a,ff7befd1-a83d-42c8-961d-e437700c8d0d,2025-09-17T09:44:52.609336,pending
45a9f255-0b67-4ffb-a92f-33de9e8eb0b2,e9dd28e7-69ed-4b19-9b66-8bfac82f1743,2025-10-29T09:44:52.609336,fulfilled
8590bafc-3c18-400a-99e7-f7f7c5910ead,d21f1674-02e2-40f9-814d-2ae55fd16bfe,2025-08-07T09:44:52.609336,pending
e5804ccf-262d-443c-9b61-b2a2d84088e8,caa8682c-a4c0-4f65-860d-f690c49624e7,2025-10-09T09:44:52.609336,fulfilled
d18280b5-dbb9-4bf8-b9b5-11b717fb793f,8d2c3289-30a2-4125-874b-d511685dd574,2025-11-13T09:44:52.609336,fulfilled
82290d6b-f895-4871-93c9-14627e83dd3d,24a9a55f-765f-4724-8e90-83a74508890c,2025-09-28T09:44:52.609336,processing
3bd65ba4-e1ee-49a9-adff-d325a72b640d,29c0f4b4-93c4-4659-acbb-8055c02077b8,2025-09-26T09:44:52.609336,processing
ee05d8ff-45b6-4a65-a00f-ed2450869469,f4d63bd3-25fb-4e7e-8f5d-44173d26c58d,2025-10-04T09:44:52.609336,fulfilled
5aee1637-32f1-47aa-839e-8b27eb06936f,35eadade-508b-4270-bfa7-a7ce16af9f11,2025-05-20T09:44:52.609336,processing
38c587d6-70e4-4426-b93b-c02a80d90547,872e2d6a-7a24-4452-8468-07d551ca351f,2025-07-30T09:44:52.609336,pending
88cb4dfe-6fd7-483f-ad8c-e4e0fc6b7749,addf5436-6f3a-42bb-a42a-793c10bc50e9,2025-09-05T09:44:52.609336,processing
6783fc1c-59d2-40a6-93c4-06b2aee6b808,871c90c0-2a34-423d-aa95-32060b6db5b6,2025-10-21T09:44:52.609336,fulfilled
c18fb46f-08fe-4065-aaf8-80057361883b,48eb48ce-3875-4ea6-9590-bee2edb59f40,2025-07-14T09:44:52.609336,processing
aea6abbb-64b0-4fb2-b704-aca3ccc30981,beb85e34-3af7-40a2-801f-5628466e2562,2025-06-06T09:44:52.609336,processing
e9749abb-703d-4a21-8bd2-0df6b0ecf13c,c038774b-5c9b-47c9-97b3-17b32434dfb3,2025-10-13T09:44:52.609336,pending
1b49f55e-fefe-4003-a553-f822a752ec9a,a3dd6f4a-7e7a-4fe7-b268-8c0b599c22bf,2025-08-08T09:44:52.609336,pending
