id,order_id,payment_method,amount,paid_at
10dd42a8-8353-48c9-9fd9-19fcff8e4579,2a11f3b3-77d7-4fe4-8925-f2fd5dc2d304,paypal,295.50,2025-10-16T19:44:52.609336
9ac884ce-88d3-4a18-bb54-c77cc1ffee23,7b628197-cedc-4726-9f21-66c3284a59e4,paypal,1537.29,2025-11-01T18:44:52.609336
35e4d075-e12e-4d9b-b4fa-1db3627ad884,23c64d67-5363-44a7-9993-39fcd582a2bd,bank_transfer,729.28,2025-09-22T22:44:52.609336
b1aa616c-7466-4ed4-9058-7d053297d95c,b34c0c2a-28ab-4393-a136-855a10b8660f,paypal,753.70,2025-09-07T01:44:52.609336
b5b43a56-cb08-4c11-b6d2-56e49feba7c5,3bf3cf52-380a-45e0-a74e-9cccbc660067,gift_card,2211.50,2025-05-24T18:44:52.609336
99b29716-8e04-4a6d-b635-97e017cb2d24,0199c234-37f2-4a30-96c9-77a085a5b432,paypal,981.94,2025-07-08T11:44:52.609336
2b76f48e-b6b5-49e0-a66d-c69cac634baf,d6098413-292a-4d02-82e9-74eeba087ccc,gift_card,3444.89,2025-06-05T02:44:52.609336
ffe2d69d-4fcb-461d-9938-c216dc839bad,843ab326-521e-47b4-a162-9c168a525f19,bank_transfer,546.90,2025-07-12T06:44:52.609336
c8a59f1f-90e2-49e4-9237-42a8bea4dee4,c28924f0-b23a-4211-a486-4db4f8bd89c0,paypal,4610.73,2025-10-10T07:44:52.609336
08897275-ac76-4bd8-adf9-2ccf6bc74b63,276b1f8d-1eb6-4f21-8955-b9d9d70cf5cf,gift_card,1158.24,2025-06-03T08:44:52.609336
1b622e26-8a7b-4e47-8015-2593fa492816,e5f9ea4a-177c-4cfe-8cb4-f6e2a52eedbc,bank_transfer,718.71,2025-07-21T19:44:52.609336
95a7fbfb-c820-4e8d-8de0-3abcb424fe2c,4d3e5714-49a1-43bb-b216-2a4d8f909de9,gift_card,2326.99,2025-10-02T15:44:52.609336
be88c78c-12b2-44da-aacb-2189cde06ea4,feeb28a7-00bf-444b-b93e-417218948983,gift_card,1619.08,2025-09-19T04:44:52.609336
c14da80d-f874-4491-aff9-0a61a03f066a,c4f4554d-0e16-4ac9-ba96-f2994d96efc9,paypal,731.99,2025-06-08T09:44:52.609336
02c96007-75a2-47bc-b9f6-9a1865a70d1a,a42260d3-ce80-4e66-94fa-5a93c3013dce,bank_transfer,1296.44,2025-08-04T18:44:52.609336
262baa4d-3f19-448c-8eb8-a5e3747690b1,918cc78f-7bf3-4d4c-a363-c068e6bd2f66,card,2345.81,2025-08-28T08:44:52.609336
5da62408-951e-40b6-9b8a-d67cd18a12a7,fb0c23b8-e10b-4f8c-9ebf-483724eab449,paypal,2436.72,2025-08-17T07:44:52.609336
80acb408-be03-4b88-b045-0b4d83821283,6580b826-73d0-4e40-bf5e-a1a2860182a7,paypal,3954.78,2025-10-04T03:44:52.609336
2cc0e4a3-3ab8-4baa-961c-233b98848604,e2a8a405-6797-4fe4-9103-cc4481bdb77f,bank_transfer,2289.82,2025-09-01T01:44:52.609336
416bc4f6-c2d9-42e0-a2c5-ec49c92e31b1,e7b011cc-4bc4-4b38-99cb-e21a569a1577,card,711.44,2025-09-26T11:44:52.609336
ff492897-4af9-49e8-a654-26ea5a3393e4,cb848d65-bb03-40bb-be99-212e72cb0c84,card,1079.43,2025-10-19T07:44:52.609336
63baa2ab-72fb-4688-b540-e7b22fec83af,28906a38-14dd-43a0-91eb-345b52cb7ba1,card,3225.65,2025-06-03T21:44:52.609336
37efb4d4-52fd-4346-aa9c-8b7b1389e1ad,dd557b6b-1110-4147-be84-753dac6626af,card,1735.60,2025-09-14T21:44:52.609336
964f6c07-f711-4feb-9b07-0bb9a64e2901,640f0ba2-6200-4f25-b500-e1324db22e6c,paypal,1310.66,2025-05-24T10:44:52.609336
eda0390a-d9eb-4688-9253-86adc1b82ab3,e5c57529-8f68-4c05-92ac-d7ddabc88488,bank_transfer,3069.98,2025-06-27T03:44:52.609336
a9cc5374-3b7e-4dd2-911d-6c2f7f337a28,eb199c4c-6a8c-4779-8840-b92e1d3e519b,card,1329.04,2025-09-26T22:44:52.609336
c9b41232-c818-4c6e-9bef-cb21f4143578,8e1e91a6-33ea-4aa3-af8c-15b7f8ee49e7,card,3740.15,2025-06-01T16:44:52.609336
088044ef-7af5-44fa-a210-08c4fb83da0b,da5aaed2-163b-4e3f-b57f-0ce4a1b3c649,card,778.36,2025-09-06T11:44:52.609336
fa91a696-c31b-4c76-a99b-bf94409f8d0d,af236d6a-2558-495c-abfa-ca451aa0e740,bank_transfer,228.93,2025-11-15T15:44:52.609336
55c009f4-42d8-4ed8-a098-b1041c5cb995,aa1ee54a-8cc5-45bb-97f3-54e47c2ac173,paypal,1643.89,2025-09-13T10:44:52.609336
d9640122-c9a2-4b8b-a45e-a4eec22729fd,79bc01c1-f29f-47a2-acd8-0c28f4e2e9f7,bank_transfer,2353.24,2025-10-17T08:44:52.609336
57814e56-4daf-41af-a79c-2665244c65f1,5fa33bf7-bf83-441c-ba67-bffa044bbd75,paypal,598.52,2025-09-05T08:44:52.609336
9c4e5342-eeef-41a9-aace-e4936f7751b7,90eebb78-f654-4e9d-a9ff-c2a66f0cc89d,bank_transfer,3211.98,2025-09-03T19:44:52.609336
daf53a69-d04c-4064-aac4-6064dc0a98b2,f633432a-55f9-4a25-bb3e-05ff216ce14a,card,135.51,2025-11-14T19:44:52.609336
2694f61a-4f24-4186-88df-e29a975bdebb,14f5b267-f81a-450e-b015-bbd25797b432,gift_card,1553.06,2025-08-11T14:44:52.609336
ef332a48-7bf5-41ef-9015-6659848b5173,d16104b5-2823-4f23-b62b-80de0cd2f1ed,gift_card,4224.64,2025-08-25T22:44:52.609336
8900b356-cf5d-46e0-a7e7-03c34947151e,c62f6d60-8c35-4ff8-813f-a8167beb236a,gift_card,393.49,2025-11-01T18:44:52.609336
be026d99-6cd3-4a2e-b342-74226d6d7615,03f358e2-a9e2-479f-9ec9-4e5b81eafebe,bank_transfer,1230.56,2025-11-01T17:44:52.609336
fbfe2e07-e397-4ffd-b223-87f871238ed7,75312d07-be64-4537-a057-4bee2859fec8,bank_transfer,3184.76,2025-07-26T17:44:52.609336
567145a9-5ceb-4990-b1e2-ae3b234c1c6e,882bc1cb-5c9d-4c1c-b833-4cd11c43ad29,paypal,599.51,2025-07-17T01:44:52.609336
d9338cad-81f8-49f0-bd3f-1bcfe473ceb4,633a4361-19a2-440f-b404-6348986a1742,bank_transfer,2576.47,2025-05-26T22:44:52.609336
e4c5a4f3-a11e-4412-97c5-a941edb0a8f6,4ccd0ad1-3005-42ed-a6d4-38518ee3400e,paypal,1886.79,2025-07-30T14:44:52.609336
a6495904-36a0-422c-b703-223f84724952,69106839-840a-4301-ae38-abcedaa3f2ba,bank_transfer,1701.82,2025-06-28T16:44:52.609336
6f6b9c1e-30dd-49c3-a797-c4737b15b4ee,95e2fa0d-4c70-483f-828b-3febb844f2db,bank_transfer,1862.95,2025-10-07T00:44:52.609336
8b0b7fb8-39bf-440c-b638-37acdfa32ff0,30261393-6bcd-4649-a9e0-d33586507ced,paypal,1438.55,2025-06-14T10:44:52.609336
bb4fa605-51b7-4382-80bf-5edcb49773c4,f4ed49e4-21c7-4ef4-9412-c4cbf81c6185,gift_card,1401.36,2025-07-10T12:44:52.609336
e6ef08ad-2d88-45c7-b224-a54615f601eb,cd97d18b-dc56-4b26-b707-abab6563e917,bank_transfer,3146.60,2025-07-29T12:44:52.609336
352510b8-79f5-4f9a-835d-d30ed7ce120b,eb4c466d-6577-43b6-8206-34b057ca98f0,paypal,905.91,2025-08-30T09:44:52.609336
be0af575-506b-4adc-b856-4d7c6c0ef199,c708a25a-3132-4606-a9cf-c9f2f4a720d1,paypal,360.36,2025-06-07T09:44:52.609336
8830245b-958c-47b8-85d0-c5f70ab48877,ac21c3ab-8cf9-4240-9bc0-874354653346,paypal,380.88,2025-07-12T15:44:52.609336
eeecf406-0816-45b1-995f-00b77958d3d3,a10e1f07-c59e-42b5-ab0c-0c752ad3ca0d,gift_card,5009.95,2025-08-25T00:44:52.609336
9e3c3238-4289-4de8-8b38-a13ecb90ac95,93551707-2c1d-4b2a-8d29-ebd61dce05c5,card,685.89,2025-06-19T09:44:52.609336
6cc7cb7d-b4b3-4312-b706-077d08edb96b,21ff72f5-0a16-4c45-a1c3-f5ded2357e7a,gift_card,4629.64,2025-05-22T00:44:52.609336
a92afae9-6060-4ce5-9607-8ca21b5885e4,c13b3fe5-315a-4b79-a6e3-67d473e92739,gift_card,1263.92,2025-06-30T21:44:52.609336
ab115d0d-5d38-4b0a-964c-79186d7c5c99,085a12e5-588a-482e-bd08-2c98922377ae,gift_card,1205.94,2025-11-01T06:44:52.609336
75ac4178-75e1-4b84-93ad-5c6862c1d67d,24652a89-3010-4567-99ed-1e0cf36be49b,gift_card,195.78,2025-08-06T10:44:52.609336
9879f358-961e-419d-9b1f-96520ade3b8a,4b73471a-41c6-4d37-9047-8230871bb282,bank_transfer,1990.43,2025-11-15T20:44:52.609336
a1fc78e0-d838-445e-b113-0628da6201c8,37af0acd-d9a0-4342-adbf-e0f7fd02aa7b,bank_transfer,4711.76,2025-06-12T03:44:52.609336
8a5ff4c7-017d-4a0f-a06a-2933b78edde4,536a4b6e-264c-4f4c-8202-d9d55a508b1c,bank_transfer,1595.52,2025-10-25T21:44:52.609336
7a279ffa-4c5b-4165-a48c-448b5694dda6,23e19b7d-a7ed-44f0-ae25-625896315c84,card,159.19,2025-06-12T00:44:52.609336
7d8ed029-3587-49be-81ed-844edc6d993d,4885c71a-3368-44ab-8be8-39f675f31361,paypal,2343.07,2025-09-21T17:44:52.609336
3339dd48-7e81-4f40-9cb5-954da6dd32f1,d9f39c39-2d1c-4049-8c74-5d200e21df60,gift_card,2326.81,2025-06-19T01:44:52.609336
a71f67a0-258f-4875-8816-aac05ade6e47,10b1f54d-c86c-4d66-9ed6-c6fe4f2cf663,paypal,3562.43,2025-08-15T11:44:52.609336
08b53880-d51b-4936-93ad-0a50cfea0011,1ed31631-1eb4-4df5-9d8f-518e2dbed476,paypal,2706.01,2025-10-10T02:44:52.609336
2177799c-092d-40a6-98aa-12e984040b6d,bf013742-9ea9-40ed-913f-8385ae6cbafe,bank_transfer,1390.00,2025-06-09T14:44:52.609336
45194001-8921-44b7-b7a7-f54be5aa727f,7c073bb7-4cc4-488c-8018-f6d07c82c696,paypal,1291.55,2025-09-25T03:44:52.609336
a61b28ce-7d4d-4d85-bd66-50ee3e84e173,0664cd4e-f7fe-4e02-b4d9-50f966d91753,gift_card,2184.19,2025-08-10T01:44:52.609336
d8d64692-05fa-46b9-955c-ca821eac859d,b4c89dc4-b83a-4731-b9c7-c2ea764bbd45,card,1208.94,2025-08-12T15:44:52.609336
c736ded7-db0d-4513-8ecf-6a993232a78f,c96535af-cf10-4508-b22b-1b51ec16c7a8,paypal,2287.19,2025-06-16T00:44:52.609336
293d5e4d-8347-4d4b-a4e9-7ca41c780651,62800f98-1316-4d5e-8ffc-7ca636ba34bc,bank_transfer,4102.60,2025-07-01T01:44:52.609336
ccdc5de5-e2b5-46ca-94ab-3bde47dcd7eb,d7157765-a788-4da4-a0c4-aeb493d318a4,gift_card,2751.35,2025-09-05T06:44:52.609336
c2d5a237-5f09-4200-8e97-494eb2ea33ef,8a1ab2f4-d8c6-4d53-b42c-95fcf6560d58,card,4111.51,2025-10-19T00:44:52.609336
f92312ed-be5c-434b-af75-d00d12bde3d2,7e7d5398-99d2-41f0-be2c-29f853f85bca,gift_card,2203.60,2025-10-09T16:44:52.609336
91d3d6f9-29ac-4dad-b4bf-793e13a10884,b4a5dfd2-c81b-4d6b-a857-0d72ab5d477b,bank_transfer,59.10,2025-10-08T23:44:52.609336
38ba0411-f6b2-471a-a3b0-7a775189c73d,333c35d1-906f-4478-9c2b-56f6ed0127b2,gift_card,3050.85,2025-10-31T21:44:52.609336
538373b3-57a0-4245-8fa7-8f383d486047,9499011c-49d3-49e0-b0af-a531895e83ca,bank_transfer,1967.80,2025-10-16T04:44:52.609336
c5f19a29-ea6c-48ca-bba4-95804c01b6cf,c9b1da86-29bc-447c-9723-05d69b8ae698,gift_card,496.80,2025-10-31T08:44:52.609336
c370a914-1d60-48c2-b6d3-b3b01443e407,4022a6c6-cb38-4224-82df-9401234e895a,paypal,1215.49,2025-06-10T02:44:52.609336
c36131a9-28c0-47a2-8f50-d380ad6dfbd7,571522c2-2cc9-46c3-9b76-67ac82a8c7b0,gift_card,313.88,2025-08-11T14:44:52.609336
ab5ac9d2-48f1-49a3-94b1-6dd2c73cdd63,9bdabbc7-1c58-41c6-82d5-07ae41ab1bcb,paypal,2009.90,2025-10-24T01:44:52.609336
b7b61182-acd2-43e0-9738-33bef5918443,feb102e3-295e-41ba-ab07-af5748c7a690,paypal,1217.23,2025-08-16T01:44:52.609336
365fad65-029f-47c7-be3b-345d383e0264,fe379f86-80cb-4873-8ad8-abdd11506066,gift_card,3812.19,2025-05-20T16:44:52.609336
3e617b51-23fc-4991-9fbd-d7e9273ab148,b8723490-c8f2-457b-b234-7850796e7f57,paypal,1669.95,2025-11-01T07:44:52.609336
83d75905-715b-442e-8f40-219a9fc9bc28,a389c2ed-1ed5-49ff-ae53-c8fe5409fb82,bank_transfer,2225.89,2025-10-21T17:44:52.609336
1a2830ef-fe24-49cd-a062-e5ffd3d258e0,1acb50c4-9112-48b0-8d5a-0c6b7cd413ce,gift_card,3632.97,2025-09-03T03:44:52.609336
070be9ae-0f89-4aeb-bcbf-307429c133ab,086fae73-356f-408c-bd53-f3e828a00887,paypal,2851.30,2025-11-04T14:44:52.609336
b4e1497a-cab7-4a52-bbd6-b7ff43a2456b,0d82dcb3-4a24-4ae3-9938-dcd027f10fa9,card,680.28,2025-08-20T14:44:52.609336
e25dcf79-780e-4c9b-821e-ce948e45ec6d,f8f7a42c-819b-4de2-ab8f-d1aee522f2d3,bank_transfer,2050.28,2025-07-01T06:44:52.609336
c7ce8d05-998b-4b1d-ad1f-322f75ec4c3a,5c28dd98-402e-46e7-abc0-9c0e36ecc2dd,gift_card,2524.30,2025-07-02T02:44:52.609336
81a8641b-6554-48c2-b467-5bdbf64b96d6,ed6ca769-69b9-4589-ab19-91b0c4261e47,gift_card,2325.70,2025-08-24T20:44:52.609336
20dfca9f-7488-4f4f-943a-872586045fc0,a72d5e8c-0488-47a4-b1bc-6bdceb2af576,card,1033.50,2025-07-29T02:44:52.609336
78c234c7-9eb2-44b8-a63a-1303dc24f6de,60e3a36b-6f9c-418b-b7da-9c4b305a2d4f,gift_card,3141.84,2025-06-03T13:44:52.609336
9accc843-54b0-40f4-9e39-bda3192e8393,ee50d47a-ea86-48e3-80fc-e59187f641fc,card,461.25,2025-06-15T22:44:52.609336
a714c4c1-975f-4100-b9bd-8306b7071395,c5281bde-47eb-48c9-a169-179b312527c3,gift_card,2922.25,2025-05-30T19:44:52.609336
fc758507-494e-46bc-8e3e-e152fc5bbb22,e5d5cd06-755b-4060-a2c9-423dd579bc7b,bank_transfer,114.61,2025-06-18T14:44:52.609336
fe50186b-f9e9-494a-97d7-7783dcf62e45,e97b2059-aab0-436f-9e28-32b009358310,gift_card,598.53,2025-06-30T14:44:52.609336
cd79333d-3e69-44aa-ac13-c2b25a7c28c7,c2fa08c0-bceb-4e0b-b504-da59b32efd8c,paypal,1216.49,2025-09-23T06:44:52.609336
cf7d0ece-e62d-4eb8-95b2-b8e5a9591364,3acb4e55-9488-4272-881b-1f588b1254ea,bank_transfer,1680.80,2025-06-12T20:44:52.609336
0eddc97b-b113-4a4e-972a-66340df8b54c,4582f45d-2f1f-485d-8dfe-d8a1039e9fde,card,1789.31,2025-07-23T22:44:52.609336
ba219880-4fec-43bf-ba4c-df2988dd402c,a6697d4f-2292-47cc-ae33-1e96106a218d,bank_transfer,2137.52,2025-08-08T07:44:52.609336
946939ba-c066-482d-8661-cff108e63d98,00d4b95b-3c41-4969-bbb0-9d673e3793d7,bank_transfer,482.85,2025-09-30T17:44:52.609336
ae42ada2-8f9d-4983-a098-cf4b101298a5,198dfbd0-f424-49eb-869f-fd95fa681466,bank_transfer,1437.85,2025-10-13T01:44:52.609336
b36f554c-34a2-4fcd-bd50-056c90d6adda,9a50ff25-16b3-4484-96d8-a2a333579733,card,1114.60,2025-09-07T16:44:52.609336
e124d323-af20-4d61-911d-f83770c548f4,2222df18-abb6-46b3-91b0-dbfdb9ad419b,paypal,3185.77,2025-10-19T11:44:52.609336
c517dbfe-9dea-45dd-a44d-93a753024c8c,01eedcae-31c0-48e2-a83a-fd6e3254cd91,bank_transfer,2108.17,2025-10-14T03:44:52.609336
43f82c09-4d10-4ae2-98c4-06bc9c04aaaf,483c9b68-bf6a-467a-b6b0-b402865ac684,paypal,3594.53,2025-10-14T02:44:52.609336
051fbb43-f9d2-4ee0-88eb-c9d3fb096d09,24f14e4b-a776-4ec5-b280-19b58f5d9fca,paypal,1548.36,2025-10-08T06:44:52.609336
f0136491-db2c-415a-a2a5-35b3e94e3cb5,5fd5005b-8f6f-49aa-9f7d-39596e58794a,paypal,96.57,2025-08-19T07:44:52.609336
9e037650-206f-4e1f-aca5-28b0fe9ce01d,38abc256-4fcb-46a3-9daa-b6face53b34c,bank_transfer,3087.22,2025-11-10T16:44:52.609336
d5f2a371-e70c-4fa5-9915-4bb46dab507d,381a191c-f6c0-470b-b2b2-7eefa86bf768,bank_transfer,1404.44,2025-10-23T07:44:52.609336
286eeb15-79ee-49ee-a059-9d869c4f6f7d,2031d4b8-0c40-43e1-ae51-eaf96304a10c,gift_card,2223.60,2025-06-09T01:44:52.609336
0d5126fa-a988-48c4-b3fd-b3222caa1af2,3097b69b-5946-439d-a60f-32d0b215297d,card,256.05,2025-11-08T16:44:52.609336
1bc0fca3-ae91-4ece-a245-fbc0e055be62,73680795-17a9-4f08-b47b-0a548fdf2a20,card,2772.74,2025-06-22T07:44:52.609336
02566bba-1f97-464e-b40d-57bb06b3d401,d1173fcb-3a78-4960-ab80-2647af17d347,card,2058.53,2025-09-18T07:44:52.609336
b80df293-a6c4-4c8d-a71e-727193fe190a,5113b80e-6b31-40e6-a175-2d096ba46a21,paypal,2963.71,2025-11-08T17:44:52.609336
a24404d5-6e35-40e7-940b-fe7c94521490,48262ccc-4a11-4171-abe9-f10d89e6bf99,paypal,1026.26,2025-11-01T19:44:52.609336
c79d0679-c4f1-4499-9982-5d98f53f68ed,63fdd331-7bbc-4e7e-8d53-96502e857f52,card,1943.60,2025-06-18T14:44:52.609336
82e27ef0-dea8-4546-930c-47c25ad72c5a,71acb58d-9aa2-4875-959c-2be1bbcea035,gift_card,3275.12,2025-06-22T17:44:52.609336
3405cc51-9396-437d-a0be-cb7d0f7837c4,a0c5c64a-8b8a-4adf-a59e-c0653ca08df2,bank_transfer,976.12,2025-10-07T10:44:52.609336
a7f6e3be-ee1c-4843-869c-8f4b6c86f5e3,a8bc9fb4-265d-45d9-bd68-e6d0c77ee7a4,gift_card,3192.24,2025-09-13T09:44:52.609336
a3f586d3-b16b-43ce-bfb7-ed668e3a592f,bb7ff21a-4c1f-469f-a047-c462fccf4931,bank_transfer,758.64,2025-08-30T13:44:52.609336
9e347953-f8ca-4a0b-8c47-f5c0f9e69e3c,629fa552-d0cb-4858-853b-82c5cdc1adbe,bank_transfer,3666.50,2025-06-12T18:44:52.609336
ed666711-f089-46eb-8a55-4a79381f3d78,300bbbb0-188c-4f97-8900-71145c5c4112,gift_card,2956.68,2025-08-20T10:44:52.609336
83edd173-4e3c-4f86-970e-ae0002779fab,c46e8693-79c7-44f1-a045-7dcb0b2f4f03,bank_transfer,835.45,2025-07-02T23:44:52.609336
8f74c37f-7d50-43d5-8f13-c0da629016fd,85b67130-5ffb-4f2c-8392-4ec423f63099,gift_card,4247.59,2025-08-07T02:44:52.609336
de5705c1-c8c3-4941-9eb4-d5534e30f601,092526a9-a602-44a8-9c29-129a77c80765,gift_card,482.85,2025-08-05T10:44:52.609336
00494d65-3904-4549-ae51-6800f865354c,c1ab7c2f-c023-43c5-a62e-5afaaea56dd1,card,1180.15,2025-06-06T11:44:52.609336
c6515482-c746-484e-a3d8-fda44a88aeb8,337d9cdb-af31-41eb-99c5-0cfd6e00668f,bank_transfer,680.52,2025-05-18T16:44:52.609336
85af863f-0530-4c34-9822-afacfc12664b,de94de00-c0a2-4121-8b39-6e4602bdbed4,card,763.92,2025-08-05T01:44:52.609336
96b23393-20c5-4de8-9b98-7c74ba31e43a,d9f1f7ed-4a5f-45ca-b420-59a63f999da9,paypal,3553.83,2025-06-18T10:44:52.609336
9de83117-7a83-4902-bae5-16bd9733daba,6b7d28c5-5948-4834-a09c-4f3e83d4dea1,bank_transfer,3204.05,2025-10-02T01:44:52.609336
3b55c440-49c1-4aa3-97e9-903cb9abd89f,286a4d95-3568-4554-ae0d-867b26cf5a20,bank_transfer,2012.84,2025-06-05T16:44:52.609336
5f7572a0-56ca-43f8-a1c7-76a16c1ad35c,abf29e09-48d4-4ead-8d1d-1a4fe20b87b9,card,1389.42,2025-11-09T02:44:52.609336
ca8af620-7be8-4de6-b15e-7a1d87758803,c42c56a7-b4ca-44f6-85da-09f94857c30a,gift_card,230.32,2025-09-21T05:44:52.609336
e38b4e37-dc28-4d53-b142-8eb896007454,c17a4cfc-6c57-4dff-9648-4e2e2f5016f5,card,1391.67,2025-10-17T22:44:52.609336
93ac4b2b-a6ad-4100-be4a-1ea239d2d308,dc4e5c2e-9ee3-495d-a97a-94a303ad85f4,gift_card,289.71,2025-11-11T13:44:52.609336
bd55a007-ea35-4962-bb5d-02ae2da998cf,4c232cac-0f12-409d-a6d7-e095411a681e,bank_transfer,392.43,2025-06-10T15:44:52.609336
714ec4b9-7b3a-4086-8f2d-5438d14eb3b2,b1f3528f-c69e-45f0-a3f5-aa70f22edf1b,card,1525.98,2025-09-05T05:44:52.609336
2c55ffed-5649-406a-bfd0-dc955f8fd77e,d8376113-f2db-4760-87a3-9b9206bbcfa9,card,3576.39,2025-05-26T07:44:52.609336
07192385-576b-4053-92d0-1df801d09acb,9d886fb9-00af-4eea-9e0b-3ad929a43ef3,card,2099.74,2025-08-28T09:44:52.609336
7d5d2e1c-4a7b-48b8-b0d7-d049ceea193b,ef48f228-d171-4cfc-aeb5-cbca7e3a6bc8,paypal,889.30,2025-06-16T05:44:52.609336
1768a947-10f5-480e-8f97-a158297b7b3a,1741e33f-3090-4b05-8e05-24c57bd27af6,bank_transfer,3031.92,2025-09-16T13:44:52.609336
b3470f72-ce69-4643-b48f-cea0c3f40ba2,9c805a0e-27b2-444c-a77d-14b1def66fe1,bank_transfer,2437.00,2025-07-14T12:44:52.609336
4c9bde18-929a-4aba-a615-8951468f238b,b5632da4-2353-4cd7-84e0-b6a1d64a5f40,card,481.74,2025-09-28T20:44:52.609336
245dbe01-b034-4595-9af1-9326aa441bb5,21e211f9-51b4-4633-a477-5b2fb5ff6d1a,paypal,3683.67,2025-09-06T08:44:52.609336
e3c1e99d-86b8-45b2-88aa-8767b83486a3,c6cba2a3-6518-4c35-ac4e-b99624ead5bc,gift_card,3693.48,2025-07-17T16:44:52.609336
45d70b3e-c6c6-4285-a1f0-ad67d1d90f2c,8fdb6dc0-fae5-4355-83a2-e5abb861120c,card,2586.20,2025-08-06T16:44:52.609336
28b8b843-31fa-4f31-aa5e-34b6b71391ef,c920834e-fad6-45a1-a2e7-b14ffb222d7c,bank_transfer,2471.43,2025-06-28T01:44:52.609336
c112cd3c-ce42-484f-9b67-faafcd32fb9f,7c9c5599-0e02-461b-b6fc-fcf30dd46419,bank_transfer,1441.44,2025-11-06T23:44:52.609336
5db5feaa-5342-4d61-8031-5973bae71338,4abd5144-097c-4d1a-b488-f0e2f862e1c6,card,1320.37,2025-10-18T12:44:52.609336
fc9b508f-e4e7-4460-9ba4-6f51e31d2e60,580d5b65-c91b-4723-9c62-f54fffe07ada,bank_transfer,166.14,2025-10-18T15:44:52.609336
3fc162d1-b02a-4009-b43d-3ca13b882db5,ddf84fbb-199a-4bb6-a325-326299fd133e,paypal,4019.25,2025-09-15T00:44:52.609336
2f35c3f3-f695-4dbf-96f1-954128de1f50,296234ef-9d6f-4c6d-acce-c46b3a93653b,gift_card,1819.06,2025-10-04T04:44:52.609336
932711bd-cbb0-4c4f-b98f-8ba2466c6345,d59e0bc1-1be6-4f63-9ac4-2db33fea145f,gift_card,1901.68,2025-09-21T01:44:52.609336
89d38710-f219-419f-b121-058c48437cc0,037f8655-1ea9-449a-aecd-477954b5c81a,paypal,2014.90,2025-08-28T05:44:52.609336
4a1f9679-3800-4204-a8e3-0cb90eeb2278,e14de9f7-0048-4d7f-b34a-2bfdee46a98b,gift_card,5532.44,2025-06-25T10:44:52.609336
5bfde3ae-93a9-48e5-bb1b-a1fb35cabe63,0071d2ff-d611-4c5c-907f-a03677451f1c,bank_transfer,2352.67,2025-05-20T03:44:52.609336
3789a296-78b4-41b7-825c-86c0489ad4fb,9b54c168-4824-43e5-9838-e64b168b8d51,paypal,389.86,2025-07-27T23:44:52.609336
51e265d4-fd8c-4d9d-8b20-9d318c2804e6,9e105298-820b-4cbc-810d-faa605118b38,paypal,820.35,2025-05-25T06:44:52.609336
7082ee07-72df-4507-955d-eb87181c3225,3017bb41-cecb-4e70-96ff-d227a2d7df26,card,598.53,2025-11-08T07:44:52.609336
c1995b64-9e53-4205-b2a1-5ba032d7c2bc,51b1bcda-cd83-4633-aaa0-ddf5e242e6a4,card,918.86,2025-09-18T13:44:52.609336
a1ed0d6b-ef6e-48a7-98b2-e777d84b5902,be7864d9-bd83-49be-9359-bda0c882c0fd,paypal,838.47,2025-08-15T17:44:52.609336
edd45849-e819-41aa-80a4-021b34a7fba2,32a22948-ccac-4d22-9a99-8433279712d3,bank_transfer,1756.22,2025-07-12T10:44:52.609336
5e36fa5a-0dd9-4d07-903f-fe1630629f84,f2a2d001-9fa9-436e-9171-47ec87079ca6,paypal,3200.33,2025-09-24T16:44:52.609336
7ea130c3-f8bc-4018-94e4-622e0b1e2505,cd0ef83e-46ab-4f39-a6d8-e87f37167c7e,paypal,3935.76,2025-08-24T13:44:52.609336
67f5c2af-63e1-49e1-8bb6-59d376b7b2a6,c124a47c-fcf6-41de-8e4a-053b3ae35853,paypal,811.27,2025-07-01T01:44:52.609336
a73204f7-dcfd-4a11-b6a5-7f03745f3871,516f4e1d-5686-488c-94b5-ff35f3ad5976,card,2641.68,2025-09-06T16:44:52.609336
9f341469-a0e6-41e6-a30d-c528d11857c1,8ad7cb26-aba4-4914-bd06-29930a9cae19,bank_transfer,603.05,2025-07-21T09:44:52.609336
ef157f32-e082-4cc0-a28e-479f4abbab1a,6930e98f-5f7d-4d22-854b-1b4370ab2dda,paypal,4436.14,2025-07-25T16:44:52.609336
17b25703-48bf-4a8a-8a7a-3f1def86cab6,208fd7ff-2f09-422a-9636-7bd123804930,bank_transfer,3073.64,2025-11-05T14:44:52.609336
e12ecc0e-7ff7-4114-b204-a1c0bab7434b,ceb2c4e8-08c4-4596-a3c7-7832f309c8ff,bank_transfer,1838.33,2025-05-18T19:44:52.609336
d4edde6b-ba0d-482f-b76d-f8a6f795f759,166d80c7-b1c0-45ae-bb92-13c3b2ec38da,gift_card,1313.74,2025-10-24T19:44:52.609336
3bb9b5f7-501c-41f3-a5df-10d8ab48c98f,4976ccc4-4117-4d2e-8d3a-d241ba24e014,gift_card,922.50,2025-10-08T10:44:52.609336
64f1086b-eb23-42ee-aa5c-6e3b9da02185,44b1cbc4-e081-485b-8d19-8e441e7ed4ee,bank_transfer,2656.71,2025-10-22T06:44:52.609336
092d03f9-2e97-46a5-8c76-d1798a5be419,2ebbd859-46a5-4905-a28e-b5eef96cb6e6,card,551.85,2025-06-08T01:44:52.609336
08ffd405-c953-47e8-807f-dc58456a7197,663c3002-1164-40ab-aa85-9b72961ed86e,bank_transfer,1566.30,2025-10-03T16:44:52.609336
57eb720e-2c3d-418c-8c03-3c1442d44c5c,42b8f653-e34c-4038-9e88-066a39292f08,bank_transfer,2325.70,2025-07-05T17:44:52.609336
06b41774-06e6-46cb-8fd4-4a81b9ea8f7b,2d7bb1b3-4a23-4543-aa81-fab26fab16c3,card,1454.70,2025-11-09T09:44:52.609336
2641bd95-bfff-46af-bf22-c835da38e3cb,ab24b812-7f03-45c1-88f0-7361c3dec2fa,gift_card,1620.55,2025-09-27T17:44:52.609336
99ee4678-9f1e-48b1-b968-6bb532aaeaa1,6bf19443-15a4-4d40-a203-456294feefaf,gift_card,1551.56,2025-05-22T22:44:52.609336
79304f02-e024-49db-88d5-e7c593870961,c65d9dea-1b41-48c3-bfd0-203b13991017,bank_transfer,3767.42,2025-05-22T11:44:52.609336
a423148a-1105-4f44-b731-14267186a87f,9e062aec-0d87-4634-9570-10753f783ddd,gift_card,889.14,2025-06-27T00:44:52.609336
531cf623-87c4-4396-ae5c-5046ad37902a,e75ce370-e838-4693-a8c3-47807aab8234,bank_transfer,1320.13,2025-09-30T07:44:52.609336
a0f75eee-f6a8-4d3e-ba8d-92484a0bd94a,163b2113-0d5f-4b34-ad01-b8bf20200bbf,bank_transfer,2952.92,2025-08-22T01:44:52.609336
42b2ca2f-fb0f-405a-a5a2-e5f492d202ee,dcbb10e3-1353-4a1e-a74b-791f4d550e23,bank_transfer,718.15,2025-07-21T18:44:52.609336
63c295b1-6151-42d3-8610-7947a14c39b2,2c73a066-ce3c-40ff-8c4a-1e0c8ebf9da2,card,4752.22,2025-09-05T17:44:52.609336
198c5e78-5bc3-4336-b7d9-2d69a442a2de,81d51e5e-b1ac-43c3-aef2-1e5277622702,gift_card,3390.12,2025-06-23T04:44:52.609336
36ed03c4-0f0a-45cf-b283-9930e9967d96,bf8be0b6-70a3-4146-a6aa-59a257fd5c80,paypal,835.51,2025-08-12T19:44:52.609336
18196066-6412-4b38-99f6-c2b5f64dbd9b,4b9ae87f-9203-4832-b6ee-e6c2414731a2,paypal,2089.93,2025-06-12T04:44:52.609336
7379dbdd-e51f-4145-876c-7aff15e506e3,014cbc9c-5816-4746-b930-30699c5c66e1,paypal,424.97,2025-10-28T03:44:52.609336
6dd65100-bdc2-4d75-980a-662f4671a9ed,9c1c8384-5113-4ce6-bf9b-039f5b007f8d,paypal,1208.94,2025-10-09T22:44:52.609336
754c9ab0-801a-429e-b746-ac3a6dc3fc04,c7e6ab12-0a30-41c5-b647-c99bafe8a2aa,gift_card,2231.66,2025-08-31T03:44:52.609336
df125da5-3b92-4d9e-acaa-10d7264ca5ce,38bafac2-4a0b-4195-b8d6-a460567b7a1c,card,1275.30,2025-10-03T02:44:52.609336
5524fd92-fed3-462f-8939-0454d0307cd5,0166a34b-132c-4c71-b2b2-ef32e9169e5a,paypal,2391.00,2025-06-25T04:44:52.609336
32a9980b-9527-4d1c-99b7-c97886869bea,067dce29-a9be-4fbc-992d-443b8f9c7981,card,1046.57,2025-06-07T23:44:52.609336
df49b166-5090-43b9-ad43-2b04bad4579a,5b952689-ab86-453c-88ae-1a791cace0aa,bank_transfer,5589.81,2025-08-24T20:44:52.609336
c70b9bfa-0aa6-42ba-bc16-021849642105,d5fbaf45-aa05-47e0-a320-72404529d649,bank_transfer,301.97,2025-08-12T08:44:52.609336
111b6f06-ead6-4cc6-8e8d-cf958d7dc320,2884d9f0-faf6-48ce-8eda-eb283d79ec22,card,5637.21,2025-06-04T19:44:52.609336
a476a6b0-6bef-4359-94ec-b45e5991c898,022f75ef-79b9-4581-bb26-4648e0a997e3,paypal,1886.03,2025-06-08T23:44:52.609336
82808d7e-4730-4701-b273-09e595b07f91,44086598-a6bb-4e81-81bf-8f42cc5733be,bank_transfer,2262.44,2025-09-17T16:44:52.609336
3aabb433-241b-475b-83a9-53581790a25f,489475de-ada0-44eb-bc8b-0e168c6bb383,bank_transfer,1253.68,2025-08-16T13:44:52.609336
0dc81c34-8191-4736-be39-aee0068c93c7,7cb69744-5c03-4e2d-bd58-2f74ebfebc77,gift_card,3353.80,2025-10-10T19:44:52.609336
70fe8520-ec90-45a0-80fd-0e4b50dade35,a10f0990-bd5d-4904-8c39-6bd521e10157,paypal,2387.74,2025-06-24T21:44:52.609336
4e0bfb18-50fe-438b-95ee-07cea72a4361,0294161c-e0b9-4831-9a02-be2537aa42ea,paypal,1852.56,2025-05-30T11:44:52.609336
bb84b534-8fd2-4c70-96e0-d3d05b561099,e82c4c56-4c7c-4f6a-8bf2-0a7f9e42b289,card,1682.19,2025-06-08T02:44:52.609336
3088873e-8fe9-46c8-a9d1-ac29cbb75930,e2e3bca8-4128-413c-9c37-fab5641730fc,bank_transfer,2576.55,2025-11-08T23:44:52.609336
63fbec98-48c4-452f-8bfb-ccd136a7f517,78017fb0-f127-4392-bea3-2be136d75ed1,paypal,70.17,2025-10-17T03:44:52.609336
bf5b3aca-852a-4f71-9d3b-30ff7753e1fd,3aaa2d8f-6549-4d6d-95e6-844cbb32d872,paypal,2841.16,2025-06-08T18:44:52.609336
e4b4f929-d0c3-4409-8b7f-2a76d8675f98,0a3cdc20-19c4-491e-a89e-b894d1de4f58,paypal,1390.02,2025-06-04T12:44:52.609336
9cbe4374-7177-4a74-87af-d81c4d9a6849,4a93c2b0-9107-40e4-aa51-63142e806e6a,bank_transfer,860.86,2025-07-10T22:44:52.609336
76eaa984-aaf6-4a2e-ba51-31e3b5690ec9,821110d5-de05-4ebc-b273-baca1851c3ec,paypal,2128.85,2025-06-25T22:44:52.609336
565bb6d1-dbb2-4246-813f-ae18a307685c,742b4a3b-25ca-43c0-9f09-96729bf96707,gift_card,3060.03,2025-09-17T02:44:52.609336
ccce544d-7f3a-41de-955d-af3778b7f508,6b80b0e0-f407-4c3a-9f2e-e56024f54e0a,gift_card,4557.13,2025-06-21T04:44:52.609336
8366b021-fc1d-4a59-b504-8de83d05621f,9ee8c516-695a-4d58-b0fb-3536ce7ef07c,paypal,76.31,2025-09-29T08:44:52.609336
d5b71339-ad2f-4086-bc68-a96340fdcaf9,74bbb0f5-7bad-45cf-8ca9-9151ff2d33af,bank_transfer,905.91,2025-08-21T18:44:52.609336
5044c623-9d9c-4710-b552-3111f4760041,5f3e521b-ae7a-40fb-911d-c00d092e6de5,bank_transfer,3618.43,2025-10-17T22:44:52.609336
872b56c5-67e0-485a-bd11-81fb6142ecb5,ab654fa4-afab-4bdd-b994-26b04096ef3f,card,1181.23,2025-11-05T19:44:52.609336
cb8f127a-24eb-4639-b348-2ea13cbbe2ca,1db1c6b3-3ee7-4242-ac73-bf7a839fc957,bank_transfer,932.32,2025-08-01T07:44:52.609336
a38c8f89-4025-4a1a-a23f-457059126f54,cdd8f6a8-c819-49b4-aa20-1cc1e26b430b,paypal,1425.59,2025-05-27T07:44:52.609336
7405e8a6-a162-4d9a-a9c9-d41370ce81fd,abc315ab-dcdb-44f6-8b7b-e967655e14e3,gift_card,2728.34,2025-07-17T13:44:52.609336
915e52c7-59c9-4fc9-b379-38b357011681,a63fdf8e-3140-435b-84a9-a466bc485209,card,2451.96,2025-07-06T10:44:52.609336
d8abe59f-fe63-4c39-be19-0cc042633b2d,341eea02-0ae0-4de6-9e38-53f0f013b047,paypal,5849.08,2025-08-21T02:44:52.609336
9f7728b1-426c-4faa-ae15-c620d06f3dbe,f07478b6-ef28-4135-8e4e-79a35e1bb06c,paypal,5462.50,2025-08-10T07:44:52.609336
605d9519-6624-4b47-b942-4db24a9e8a21,418b65b8-08b8-458a-a1b9-3c92b8dd841d,bank_transfer,2499.65,2025-10-28T11:44:52.609336
209725fc-0ceb-4530-9280-e57518de7cf4,854cbda7-fe66-46ff-9c32-2e8f04845c08,bank_transfer,1673.16,2025-09-09T00:44:52.609336
790489ba-9bba-4948-975b-c5dac6e0987e,5b8321cb-c693-48cc-858a-0c2c81b705d1,card,2029.07,2025-07-08T13:44:52.609336
7e2b6459-a450-41a7-aada-096803e26522,04065711-989f-4946-ac64-326f2e7c4406,bank_transfer,2556.97,2025-07-23T08:44:52.609336
5226e787-4038-4a71-ad7e-a24dba9533c7,55b01b76-dbbf-4574-a3fd-969eadda7c67,card,835.95,2025-10-19T19:44:52.609336
5f5615bd-34f7-4c75-9c8e-f2ac0399b22b,846bf7c3-1139-41b2-9086-724a97f5a0a7,bank_transfer,3034.05,2025-10-25T15:44:52.609336
b950ad9a-3634-41a2-a47a-de433896ff4e,f6b9402e-33c7-455b-b707-9c6e84f41ea3,gift_card,2375.19,2025-07-17T07:44:52.609336
85247a30-4cdf-4955-b67b-4c4a3e1420cd,87789f2b-d857-458a-88cf-0a29a300198d,bank_transfer,1368.96,2025-05-23T20:44:52.609336
e3e8c420-6d80-42ac-990f-83f750c9b6bd,2aec53d3-d92d-4e9f-8c55-c5b8388e724e,gift_card,31.65,2025-09-15T00:44:52.609336
52537f58-a3f8-49e3-90d0-dbd7ca42ec94,4bf7051d-782e-4d7e-8fbb-ccd8c01eeb92,card,4068.70,2025-06-28T18:44:52.609336
cbfd176e-8405-4c90-8d6f-806b4eb4191e,71f7eeb5-e78d-4a81-84c7-a72b88772eb1,gift_card,826.80,2025-09-18T12:44:52.609336
0ae658c5-40bf-4ef5-bcc7-a5ee5380dcf5,3c5c1cb4-5f58-4bba-a26a-5b638bc4f710,bank_transfer,1067.56,2025-11-08T20:44:52.609336
f303369d-de05-49a6-b466-307886a8a11a,6f6a6e1c-aca8-4e17-a73c-47d16cd38c9d,bank_transfer,2918.62,2025-08-17T13:44:52.609336
ad9401bf-f433-466a-b5cb-34f9d14242fe,c9f8f96b-9164-4e55-a506-0dcc4bb5e962,bank_transfer,1509.85,2025-09-08T01:44:52.609336
68f578d7-780d-4eee-8737-a7cc15364e87,3fdd2c82-aac7-4c1b-b4b4-947fbaccb9b6,card,1401.36,2025-09-09T13:44:52.609336
c2742fc0-1437-47b6-aacf-f09f6ce53ab6,e540adeb-486c-42bd-9325-41c3e1f60e08,card,2962.47,2025-06-28T12:44:52.609336
7559cfb5-8103-47c5-92fb-737f8ecc2140,65b51c4b-3648-4b65-89b7-b76a7c0b4fa0,paypal,1778.88,2025-09-10T18:44:52.609336
dd06299d-0d81-4e8b-b2f6-e2986b2ceaf1,cfaf2e83-bd5c-4c58-92d0-575c222ac06d,gift_card,2169.33,2025-07-29T15:44:52.609336
8f92303c-0bda-4ec9-a18f-4b6fe96f77a0,e89a288f-2f66-44f2-96e1-0d01e68e3b73,bank_transfer,126.60,2025-11-11T02:44:52.609336
d6c6f952-09ca-40f9-b786-b85a8677dada,e433a07b-1ca8-4b21-b7ef-b570c525c1da,bank_transfer,1749.39,2025-07-12T05:44:52.609336
07eacaca-f994-4a21-b4a5-13fb0abdb56e,89046b9f-a9bf-4531-a03f-a257c932d9fd,gift_card,1777.78,2025-06-26T10:44:52.609336
f7c94850-32d2-4c60-a79d-c559388d66cc,cd921526-3849-4668-ac96-9a69ed0a1c72,card,1667.80,2025-05-21T03:44:52.609336
95a58ed1-6795-4fe1-8d76-c908e57e5b26,680d1e14-6d99-46f2-92cf-737abe8326af,paypal,1334.16,2025-08-25T01:44:52.609336
eeb908a6-83c5-4267-b279-fd2452e8360d,c08fbfe1-2d15-4ba0-8e8e-d9f098c6a124,gift_card,2694.05,2025-09-29T23:44:52.609336
c2318127-36ed-428f-a5df-a351807db56c,b4b4b76a-6ba9-4cb8-9b2f-87c1a3edd3a0,bank_transfer,2001.12,2025-10-17T12:44:52.609336
ac19cc49-35ce-42e6-a023-5fd8920aaf11,bc748ce9-83ff-4fe4-9085-f94c473e20be,gift_card,667.12,2025-08-02T17:44:52.609336
ca7c8d0a-0346-4fb3-b82a-04178903f037,1946a95d-5914-41d8-be77-8af5c80777d6,card,3610.32,2025-10-13T03:44:52.609336
2307f192-5672-4d55-be31-2adacc3deec8,5679985d-6328-4d7f-ba15-ff18d89eede5,gift_card,76.62,2025-11-05T15:44:52.609336
897c35f2-153f-4018-b4f6-193f24106b26,37ce1671-3096-4657-b50c-1de5684acb45,card,1984.72,2025-09-22T09:44:52.609336
852ad30d-19a9-4bbc-87ca-5f98bea42e19,23a2084a-4b89-4ced-bece-d3305a1a4977,bank_transfer,2225.76,2025-08-09T22:44:52.609336
41df15c8-352a-42e5-ae89-5636a4192024,1b32431d-c9ef-4b37-b357-f0fca3215fb8,bank_transfer,763.92,2025-09-19T18:44:52.609336
1cdcaa03-133f-4a61-92f9-102ec061ec46,d382c13e-7b99-4f06-a54d-7ab5950ca332,bank_transfer,1082.71,2025-08-14T01:44:52.609336
bb112a2d-78a0-4908-bd48-c7529e8e7c29,637279f9-b276-49a5-a89e-240f2656c639,card,2281.08,2025-06-05T08:44:52.609336
ded7e304-c48b-457c-a91a-65aad1010f59,0e816844-ca72-4e26-a99d-e2406945db1e,bank_transfer,1518.65,2025-10-23T13:44:52.609336
06fb93d8-d773-4a04-9dc9-d0f125d2a484,5c1994df-af77-49f9-bfd4-617130259433,card,3515.62,2025-08-02T16:44:52.609336
7e3bc95f-0025-4982-9f88-10efb0ecff8e,a15c7b44-7b3a-4413-9f58-b718bcf2bfa7,bank_transfer,2233.28,2025-06-05T11:44:52.609336
e038df41-8f2c-43ce-a1d9-f46107c4319e,dfe823cb-8d42-4c92-8db0-c62a9013ce46,card,2133.96,2025-10-17T14:44:52.609336
bcbb1222-8a99-412b-9cd0-5fa5de384d56,ecf7dabc-f7d9-49af-8de3-b0d7adbb17e3,bank_transfer,1277.29,2025-08-13T18:44:52.609336
17b3808c-5dc6-461f-ae75-1bd298be8ef3,94715448-69c8-47c2-9349-2a57f6d7dbc6,paypal,1797.16,2025-07-24T06:44:52.609336
5703be66-9e9e-4304-bc01-4976aa6d2ec3,352b26ae-2478-4b18-8442-5bfb6e69125f,paypal,2195.24,2025-09-06T14:44:52.609336
523c8c3a-6db8-44a7-8034-40cf1e492f31,b8b066e5-c245-424a-b959-1a0128999f7a,paypal,1528.31,2025-09-21T06:44:52.609336
fb97a113-e136-44d8-b19c-6b10ed2515e9,89cc955a-e802-46b0-9b98-cc66aeedb3b8,card,723.54,2025-05-20T09:44:52.609336
86b87d5b-a8a6-44cd-abc6-ae816efc4f51,7d34a18c-bc1d-45e5-bdff-1b44ac25bbe3,card,4073.80,2025-11-09T02:44:52.609336
523a3c98-dded-4a75-9f34-effa95362132,fd1aa64f-aff7-446d-a2ac-6789cac74323,paypal,1224.57,2025-09-13T02:44:52.609336
b2083428-4517-4e84-aef5-6ae48d28da2c,c6adfbc7-00d0-4f9e-bef8-0a3f3d69e7d8,card,1616.96,2025-08-30T18:44:52.609336
3cfdb87f-bd4d-4b6f-bcb2-518afc731caa,d0892981-c531-4358-8019-0d469d02f93c,card,489.83,2025-08-04T02:44:52.609336
19664da1-a48e-4d38-802b-570ee54a6a54,5abb9658-49e8-4376-ab6b-1d609dc73820,gift_card,2039.24,2025-10-23T14:44:52.609336
03f21121-b60e-4846-bc82-4a7a812e714f,453b0dd7-e61c-4ff4-a287-d286c9256b60,paypal,1196.64,2025-09-19T22:44:52.609336
26b06cee-bb7c-4974-beee-427b54780827,2181d3b7-967f-4012-84ab-8dc9da64daa3,bank_transfer,3089.84,2025-11-06T13:44:52.609336
f4ce14b3-eed9-4670-8efb-27faa5e6b7bf,ca204810-758b-464f-b11b-ce9f5b4f8b4b,bank_transfer,4345.54,2025-09-09T11:44:52.609336
66a75529-a75d-46f5-bdaf-f440a41aac06,d90214d6-7460-4b0e-a7b3-99d4eea3dcba,paypal,1556.47,2025-05-23T21:44:52.609336
76dbc9a6-06c1-40c3-b4fe-e8275c91490e,6afebaa6-dd72-4091-9301-1ae851058a0e,bank_transfer,2618.86,2025-07-13T07:44:52.609336
f05e00b4-7fe8-4427-9f3d-de7914d6391e,87ab5777-b5bb-4636-8dd8-5454cc8f0e67,paypal,5622.36,2025-09-06T14:44:52.609336
d8a3adaf-8ba4-4053-8d71-cc79647c9129,13092f1e-5098-4cf8-8f62-c99078bf7c7a,card,1288.62,2025-05-31T05:44:52.609336
078ef10f-43f5-4ae4-83f6-aef21a9edb07,e4a9d51f-83b3-4dee-a7be-35e795c95a9d,bank_transfer,2999.83,2025-06-16T00:44:52.609336
b9ff6069-235a-4a75-abcf-c982a0a041ce,12b9ec7c-3cdc-4278-b01d-a0eced38615e,bank_transfer,4584.01,2025-08-25T21:44:52.609336
fb3f7f20-af6a-416c-a70c-cbe23642578d,57c25fee-3c39-4368-881e-aaafe6095f01,gift_card,3134.77,2025-09-04T01:44:52.609336
ecd8f03b-60da-4d43-bd5d-6a5de4d6157c,906e66ab-db96-4a51-8b72-587230f79a03,card,2338.92,2025-09-03T18:44:52.609336
a27d24dd-8b03-4e1e-8ee5-765c3a16f0b5,d6f7d478-3b47-4524-95a1-a3b7cf6e73b1,card,707.64,2025-09-07T06:44:52.609336
b3e127a1-a0af-4911-a35d-3f48bef2637f,a9dda0ad-50a1-40f6-969b-c4bb42bf4314,gift_card,1048.95,2025-06-08T02:44:52.609336
81cda3ff-bb9e-4982-a131-f2f845f452c6,18927273-c37f-4510-bdd7-615c73547174,gift_card,783.12,2025-09-23T22:44:52.609336
3f4a1dea-f4b1-4027-8e9e-7a3c477ab7ef,50d62047-b737-4e54-b6de-9111c8e65614,card,3131.40,2025-09-24T13:44:52.609336
df5ff750-e418-4b5d-9f94-c301f5a32ef3,5f1a4415-0541-4763-85f7-18ea8299c1bd,bank_transfer,2238.39,2025-05-24T03:44:52.609336
fb83651d-da7d-4f8b-a436-3a4cb2ed138d,dd814c80-5018-44fe-8bae-795f88bc81b6,paypal,1922.62,2025-06-30T16:44:52.609336
33b99727-4d98-4aac-baa0-215e7b8c3ac8,876d6b29-0837-4681-acc4-f2ac2bf9df0f,paypal,4020.99,2025-09-10T17:44:52.609336
b8ca707d-de63-4f1a-bd46-1cd4d423af1e,4627c836-81cc-4a12-bfab-dd7b26cb4e94,paypal,2615.84,2025-05-23T09:44:52.609336
89f0c0af-481a-4275-9335-9841f1ccb23e,c1571445-b972-4e3e-997b-22223cf95dbd,card,889.30,2025-09-26T02:44:52.609336
4325b1a7-3841-47df-85ac-46e82054b651,3c555c21-11d0-4c8c-a5b2-ca238b0205ae,paypal,586.07,2025-07-13T06:44:52.609336
db8ff8e1-4222-4e16-a7f9-3a7278f81596,585059cf-03fc-4e22-83c1-8528074082f6,card,1912.63,2025-10-19T14:44:52.609336
be53c736-e8c0-405a-98be-680aedcf6596,8692105f-8e9d-4bb6-90e4-e903ca794946,paypal,3165.44,2025-11-01T19:44:52.609336
137e581a-340d-40de-8b24-d9a46bd7e555,d49c3abe-7122-4954-84cd-4cd97d7911df,paypal,1886.53,2025-08-12T20:44:52.609336
a1b0f301-3b15-422f-9814-0b9c1cf01468,cd53d39c-9b1b-4987-b346-a0580913659e,bank_transfer,2268.06,2025-07-31T02:44:52.609336
65275a22-949d-485e-b415-d64a303a1bba,6fb7dfa1-1a2a-4330-9959-3e231ad829af,gift_card,1422.66,2025-11-02T07:44:52.609336
25f2c425-9472-4348-9bba-b082ce9f777f,b44d29be-1052-4547-a12a-1f2a2d5f4f0f,paypal,1320.46,2025-05-31T19:44:52.609336
bc5c8c68-f44b-4a96-af78-ee93c1a191bf,c27c1c34-45ce-4af4-8e62-dad320f458d8,card,1683.84,2025-07-06T18:44:52.609336
8bdf73eb-3b69-440b-80e6-ac86273c7b76,44241a33-cc54-48c4-83cf-f59ef7f27978,card,1712.68,2025-09-12T09:44:52.609336
450d47ce-a9df-4b49-a7bd-ccab12d87810,cf87ee36-4d4a-4423-8125-e1616f456b85,paypal,4707.76,2025-11-05T14:44:52.609336
a182b357-a817-45b8-baa3-efc4790aa8d4,d558e3a9-b117-4dab-9886-034d879bf379,card,1329.40,2025-07-07T21:44:52.609336
b78a0f02-b276-4cd7-97c4-1d37ee075f82,313f4019-4394-42a3-ae71-d5053a87081f,card,2076.01,2025-08-24T23:44:52.609336
94b5a6cd-d502-4126-b2b0-fd4498d672e7,393e8b3b-d71c-48f4-8f70-6689fbcf3c3d,bank_transfer,1210.41,2025-11-06T21:44:52.609336
2002e4af-3579-49e1-9d34-ac7bc98f6903,0ba46abe-e8ba-4042-ac6b-1f5b3b7fdd6f,paypal,3334.46,2025-10-16T23:44:52.609336
8088f021-2375-42a9-8c40-43066b47f832,465c7c7f-3a1e-4d70-b7e4-792aeeb102c7,gift_card,1431.84,2025-10-11T05:44:52.609336
56ab8610-9d74-4454-b9c3-377f5855e3fd,6b4144c6-42e1-49f6-8e7f-f40e1ea4761c,paypal,2773.80,2025-06-25T15:44:52.609336
792bef31-9304-483e-a7fa-2447316cff0f,638f83e7-c5b4-4ce8-8c39-9335a38d7fe8,bank_transfer,2793.13,2025-10-18T05:44:52.609336
45206bdf-5486-4214-8f76-ab9b9af33ec9,019f5588-c268-485f-8932-c220ae850080,card,783.09,2025-07-24T21:44:52.609336
9f1e76a4-523f-47b7-9782-2b1635d0a620,992c8ef0-e467-4b62-afcb-dddfa4c202d7,bank_transfer,1750.52,2025-07-28T22:44:52.609336
10b696d2-97b4-4b82-9a30-e6def2a7e646,34eafa52-6ef5-4c1e-9583-a34e53b94ec6,paypal,2489.21,2025-08-30T03:44:52.609336
d1181852-7d15-42e4-a367-4d160319cf7f,2c1887f0-65c9-4d7e-82af-35ffe9c03bfe,gift_card,2253.48,2025-09-15T06:44:52.609336
76ab58b9-5a1d-4c58-87a6-15fcbc228243,36cfe54f-bc5e-4555-916d-8d84a14d3018,gift_card,2907.94,2025-10-10T09:44:52.609336
35d44003-a994-4ebd-b45e-910bb00f0fc8,00c333a3-e12f-4732-b171-145cd5df008f,gift_card,760.42,2025-09-21T10:44:52.609336
222c6f16-2e67-4cd1-a7d8-9821763ce828,c8208f23-6893-4774-8587-f6aa744eb930,gift_card,116.95,2025-10-13T02:44:52.609336
b41a0f0e-c91c-4cc5-b7f7-ab705e0610f3,a15824a3-9f96-4960-9c8b-06ba6f3caa62,gift_card,1114.60,2025-06-01T18:44:52.609336
e1615f87-5aed-4104-9e47-169e79d72b4a,cd3d1ec3-ea27-4a83-9246-9c448aedb2a7,bank_transfer,819.48,2025-07-28T17:44:52.609336
179219f5-7727-4a7b-a916-cee7d406672f,1f6c1424-b650-4d21-86f7-b7f535bf3154,bank_transfer,930.28,2025-09-15T19:44:52.609336
cf1d9467-082b-4c53-91ad-3c932546c5d8,85294f61-f95f-44b5-9e3c-51cf168aac35,paypal,839.25,2025-09-06T17:44:52.609336
8881c19b-831a-4c03-94f6-b8a50e736367,bc95afa7-e07f-498f-b740-1e8b322bd9c7,gift_card,1607.92,2025-09-21T11:44:52.609336
8991c23a-e112-42b3-9ca7-c65ceeab8377,392c0ca5-8abd-468b-ab2c-192a3c3ff21b,bank_transfer,48.98,2025-10-14T19:44:52.609336
23923d0f-0dd2-49a8-80dd-209795c33b09,41a82ea1-1fd0-46ec-9f92-1c2f1c18e4c3,card,933.43,2025-10-28T12:44:52.609336
110da4f8-29cb-4722-a197-cf160e5a2c09,452779a2-ebf7-4949-bd9d-3b82669ec75f,paypal,2437.33,2025-07-25T00:44:52.609336
738f7401-040f-4e3e-99e6-32f86e54ffa6,a6e13e44-ce1c-457d-ab5f-c669b7844acd,card,2666.80,2025-10-30T18:44:52.609336
8b68d6b9-fcf4-4928-bb6b-20e7189ae0ff,d71518ee-1f62-43ec-a50a-69cb67d01111,gift_card,1846.05,2025-06-14T11:44:52.609336
d9e70f7e-6fe5-40b5-a44c-b1ed22ee1f67,33292a62-0b17-42ce-ad49-bfef23089712,gift_card,2983.62,2025-09-07T00:44:52.609336
6932f41e-f32c-4230-ad81-bbc3d5d8eb1e,3ab1b56d-0e8d-41ac-8487-9b7ab9a14c0f,gift_card,1280.58,2025-10-13T12:44:52.609336
9de79e15-37f4-4d75-b382-b44f6c758028,1b08675b-1a3d-4bb3-9191-32c1cec3dbd9,bank_transfer,3592.98,2025-06-18T04:44:52.609336
1a4159fc-b774-44a1-9709-0cf926bd6211,c2a5c53e-b3ab-4cac-b606-cc2a2fdfd5b0,gift_card,461.25,2025-07-05T01:44:52.609336
9c01bdbe-cbcc-44ef-a945-98083e9b0b2f,729ec9ff-93f2-40b5-94a2-8bb9207e819a,card,248.40,2025-06-20T06:44:52.609336
346f228e-079a-4171-a55a-f24f60acb9c5,b99b7a4d-d9e3-420f-9eae-df3eb15bbb4f,bank_transfer,432.68,2025-05-31T08:44:52.609336
0f13ed6a-2f8d-4bf7-ac78-36dc8785f554,56c891ee-9b63-42e5-a2d7-1fb9ee77e350,gift_card,227.08,2025-07-11T19:44:52.609336
935080db-9ca4-40ea-b6fb-4254c6daf4ec,889e9a3f-973a-4a6d-9b22-c28c44faff2a,paypal,4923.73,2025-08-12T17:44:52.609336
c9dd660f-90a3-484f-aa39-b9e412f28b2b,8ef74be5-646e-4832-aeaa-bc66fe35fa95,bank_transfer,295.50,2025-11-08T20:44:52.609336
6f63d0df-7330-4f6c-a53b-0075185d64c6,0eb25b03-b805-49c1-b855-8ded3a82ae6d,card,686.70,2025-05-27T10:44:52.609336
40e539b4-c640-475f-be8f-0c7cf409fcb7,2879b3ff-f6b0-418a-9f17-46f215cd5e1b,paypal,4166.52,2025-07-10T05:44:52.609336
747a91e3-265b-4a3f-9f3b-7cde8b68b0c5,85957ba9-b7a7-4184-9600-21754d0429c1,gift_card,1161.83,2025-06-08T11:44:52.609336
cc993bd1-0ec0-4ab6-a328-d449bd35b9a3,af8cf744-bad3-4bbf-b750-8f29090a3e7b,gift_card,3456.66,2025-06-11T15:44:52.609336
4243fef1-c108-4732-bdd7-6fdb0691faf3,bb955e34-e91a-4f9c-bc23-f7c2eb5cd31f,gift_card,585.40,2025-10-12T00:44:52.609336
3b7f4a4d-eac1-4f37-8e9c-8a2bbbdaa59c,9c6fd123-1c73-4e88-bbdb-42531fbe35de,card,3096.20,2025-06-03T01:44:52.609336
79a91b19-793e-429d-b6f3-f75485a8f18b,d1bad3e9-ee3f-4560-84f3-d49c1ddad284,card,2606.32,2025-09-16T00:44:52.609336
f0a04770-d538-426b-a5c3-6d2f8eb7da46,0713d242-78ec-4b69-8176-e6d93e7c052d,gift_card,94.95,2025-06-21T00:44:52.609336
bb0a37c9-8156-4c0b-ae03-bae03931632b,64bc856b-5898-4f6c-8995-6c8d0fd23a42,gift_card,1373.42,2025-08-17T05:44:52.609336
1f76125d-1124-4c2a-af2c-da250dee7880,cd62cfac-31da-441b-86cf-b1ca03767044,paypal,160.99,2025-09-25T09:44:52.609336
d7eaa4d9-d98a-4fcf-b913-7d77972d3db2,8515ca51-d0f2-4755-8a99-cb0620e1c406,bank_transfer,878.30,2025-11-11T16:44:52.609336
cf5e3efa-da81-44f1-9cff-4b8aabfad24d,dac035d1-fbc2-4389-8b0b-aea36f3736ae,gift_card,424.42,2025-09-08T21:44:52.609336
2bf0b20d-38fb-44c1-884d-0b07f4c22ffc,cca5def3-dce7-4146-9e06-8ed19bacc958,bank_transfer,2069.22,2025-09-19T00:44:52.609336
ed5407e6-1a59-4f09-a625-473011272b56,9e7a6e86-89a9-4670-b57a-f63605483bf3,bank_transfer,2343.78,2025-09-30T02:44:52.609336
a4a17112-d6f9-4758-afed-a1220012b249,a13c680f-2a0c-4ccb-9aa4-011f9908d848,bank_transfer,1751.70,2025-09-16T07:44:52.609336
b4d896ed-69f3-41d3-bdab-2d058fcc58bc,dab98442-3946-49da-af05-77682e8bbc5d,card,2446.22,2025-09-21T10:44:52.609336
afa5f052-47e5-452d-91ad-4803b223af1c,06dc4477-866e-4f7e-80bb-90f72bfa30c1,gift_card,445.08,2025-06-18T03:44:52.609336
bce843e7-5a27-4d5c-abcb-a0fce440398a,0023c90d-40f5-4458-a068-f657717d2620,bank_transfer,905.48,2025-11-01T21:44:52.609336
9c97a117-badd-4503-b544-9337f993c971,64d29832-7268-437a-b711-f3acb22b9d99,paypal,397.64,2025-10-19T02:44:52.609336
3d5c5229-39d5-416b-a550-267fbfb1685e,815dca72-03c1-4a96-9e41-25a2d17c4fe1,paypal,1626.63,2025-08-07T11:44:52.609336
b80602f9-5c2d-40a6-8230-c33d0f0db7cf,1678c0d9-3184-46bc-a2f8-517fa3dc2e54,gift_card,2577.86,2025-08-08T04:44:52.609336
027fa865-7181-4968-b121-279ea186019e,878df55d-b8b9-4017-bbc5-6b1a39ca3e72,gift_card,1755.55,2025-11-06T14:44:52.609336
d46ff2dc-ca0f-4e51-bbf5-24898550417f,97152e9b-6749-492b-8ed3-8ab2f4a616e8,bank_transfer,1801.80,2025-11-03T16:44:52.609336
708d23e0-4294-4207-ae72-9dccb4f7c7a5,66d201ea-f0ce-4284-b1e8-b36128a60a28,paypal,2223.79,2025-09-21T01:44:52.609336
80811c28-f53d-4a2c-adcf-0cd4916ae87d,dcbcf67b-94a1-4be9-9c94-d39c3e2cad02,gift_card,2163.42,2025-07-23T16:44:52.609336
69512851-2d8d-42be-8b37-91b6a62f620c,6d4f335f-63b7-432e-a1d6-a7bfaccc4621,paypal,1466.74,2025-07-04T05:44:52.609336
d2bfd556-472a-4853-a9a7-a07dc364f6a0,49ceaadf-f526-4879-bc9d-70fd436acba5,bank_transfer,3308.25,2025-10-05T22:44:52.609336
05b4a43f-dce1-4428-91c2-2edd16dd99a1,c134b0ae-d1c0-434f-a0d8-ff164b60e201,card,1168.68,2025-06-26T17:44:52.609336
8d123683-93fc-456d-afb6-98d54065eb32,bec3a36e-1df4-44f7-9344-04df9b00af00,gift_card,925.16,2025-08-24T05:44:52.609336
a5be338f-06bf-4746-9caa-2c870e5009c0,b5954cf6-9f44-4f96-9a80-f2eafb9fc5f6,paypal,2740.82,2025-09-29T08:44:52.609336
ae33b6da-0473-4919-b672-7ea53df41293,3799e586-ac34-4490-9aca-fbf1a701f7d0,bank_transfer,2246.03,2025-07-04T02:44:52.609336
8adfe809-d7b6-446e-aca9-d40fc81cd992,edb1a99a-c25d-4b11-ba1f-a406007470a9,paypal,850.65,2025-10-10T13:44:52.609336
a256d986-77fc-4c98-a59b-9ea39653c836,0f92c881-6751-4ba8-a536-a6468bac7d56,gift_card,1539.49,2025-08-15T01:44:52.609336
e2d1137f-393e-4f33-bc71-4e9c430c1486,cda4b37b-d064-4d7a-a4ad-a5f69f43ed67,bank_transfer,2531.53,2025-10-30T09:44:52.609336
72489485-d795-4a58-872e-dfc73067792e,e6f0a6b2-c109-45a4-a5b5-55a0957562ab,card,1361.48,2025-10-25T04:44:52.609336
cd9cd893-aa0e-4a81-a96c-5268ef4beaa3,146bc1d1-c738-4e30-95c8-897f2a00e58a,bank_transfer,4296.00,2025-10-24T23:44:52.609336
334efdd9-0ba9-43e6-b307-f220d1d4ea71,144df8f6-14f3-4db2-88ff-8e58d16f47dc,card,862.89,2025-05-26T12:44:52.609336
ef1e170e-a6e9-4555-bce9-6d07864bd1ba,a1f1334c-7dc1-4e97-a94c-1f89f99fba12,bank_transfer,1117.96,2025-08-26T22:44:52.609336
6536116b-5c71-442b-8a3c-7e175b00f020,b37cc53d-036a-4c11-9635-ff5d403abb74,card,3069.58,2025-09-23T00:44:52.609336
39f0d7c1-eff6-449a-8992-ed38a26749fd,8ba6bf0f-b884-461f-9f6e-c30278484641,bank_transfer,2451.50,2025-07-27T03:44:52.609336
abcb4b1e-b848-447a-be21-344f9cba0573,e57f1e84-2a06-4664-b11f-7fd1072a6ec6,card,5064.56,2025-10-01T13:44:52.609336
0b5fbb1a-0f1b-47c1-9033-7c4383f1bd7f,4cee1aa2-3ba6-4592-bf93-c200d4679264,gift_card,546.90,2025-05-18T16:44:52.609336
082e4f8f-4354-44c7-beb8-7bc354b0ef84,e52f7a51-2798-46e9-b89e-f040a70b7a19,card,3317.40,2025-07-16T03:44:52.609336
dc9f4209-fe7d-43a6-bab3-375fffdff78f,8b040077-1309-4e1f-988e-d2de718fe19f,bank_transfer,1199.91,2025-10-01T18:44:52.609336
43da0c29-e02e-498a-a119-005d4af7fd17,65c84d7d-c265-41a4-9eb2-efecabfd2ed5,gift_card,2259.32,2025-09-28T12:44:52.609336
4051a934-3471-4a34-9f7b-d8f012106128,719869a8-4213-4826-b605-8d6c5521b351,card,2755.91,2025-07-12T06:44:52.609336
a2d4a156-0667-4c6f-9e34-03fcc30cfc83,7f46d64d-3c2c-4bbe-9aa8-44ff5c9fc04e,bank_transfer,3009.86,2025-06-07T11:44:52.609336
f48a4a7a-f452-444f-ba64-87be5c61e9d2,f10f56b0-7c7c-4462-8955-f932ccceb852,card,707.64,2025-07-01T06:44:52.609336
b0c2cc21-8ff8-4036-a524-23548a7705be,b79c88a4-0f18-4355-94ae-d986aa31b5f1,gift_card,4743.85,2025-10-12T07:44:52.609336
a93b4b7b-d442-4655-b802-d85698a6848f,d78fafeb-460e-4dbc-906b-c60c7c29cc82,bank_transfer,631.23,2025-09-15T09:44:52.609336
6a005381-6eac-453f-af25-206cb6cb3df0,4ebe1b5d-1a6b-41ab-8b5b-1f86f5e0957f,card,2103.10,2025-06-11T06:44:52.609336
edff09a4-1f6b-4b41-a318-0ad39dd4aae6,dea59d9f-2304-4312-9386-35a8a0e28e7a,bank_transfer,2350.92,2025-09-17T13:44:52.609336
8489e9c3-c0f7-473c-ad49-affaff185258,45a9f255-0b67-4ffb-a92f-33de9e8eb0b2,bank_transfer,2860.44,2025-10-30T22:44:52.609336
8b1b5e18-c134-4723-87fc-66aa5b23e37a,8590bafc-3c18-400a-99e7-f7f7c5910ead,gift_card,2455.38,2025-08-08T18:44:52.609336
763b30db-b785-4418-8dd0-1c5974e05501,e5804ccf-262d-443c-9b61-b2a2d84088e8,card,4733.13,2025-10-10T13:44:52.609336
d748479b-ef11-4a52-b100-b97ea01773e3,d18280b5-dbb9-4bf8-b9b5-11b717fb793f,paypal,1896.36,2025-11-14T00:44:52.609336
4c1646ac-a594-4cc4-950a-2b316ad8c2f7,82290d6b-f895-4871-93c9-14627e83dd3d,card,5166.45,2025-09-29T13:44:52.609336
3a0fef5d-129a-49f2-ba1d-b8b1fed19518,3bd65ba4-e1ee-49a9-adff-d325a72b640d,bank_transfer,699.24,2025-09-26T22:44:52.609336
36ea2b73-eef1-4575-bfeb-bb77c066db84,ee05d8ff-45b6-4a65-a00f-ed2450869469,bank_transfer,2687.37,2025-10-04T23:44:52.609336
da0d3a87-10e9-4fe9-bb69-e40864f66b62,5aee1637-32f1-47aa-839e-8b27eb06936f,bank_transfer,2360.42,2025-05-21T20:44:52.609336
52a05ed9-7beb-4793-a4a1-07bec69d2266,38c587d6-70e4-4426-b93b-c02a80d90547,card,4165.16,2025-07-31T10:44:52.609336
e0adc5fa-3a9f-43de-9011-9c5e904c39d8,88cb4dfe-6fd7-483f-ad8c-e4e0fc6b7749,gift_card,3724.53,2025-09-05T10:44:52.609336
04d892f9-01d9-43e1-9dcb-65236c0b7a98,6783fc1c-59d2-40a6-93c4-06b2aee6b808,card,116.95,2025-10-22T21:44:52.609336
91608b9a-5329-4450-9f19-166683a4dc73,c18fb46f-08fe-4065-aaf8-80057361883b,bank_transfer,1363.32,2025-07-16T00:44:52.609336
09dd6b5a-dbc4-4644-8e93-76ce33a6dfb0,aea6abbb-64b0-4fb2-b704-aca3ccc30981,card,3392.37,2025-06-08T06:44:52.609336
2bb39091-b020-4964-9389-65dc1ec80cef,e9749abb-703d-4a21-8bd2-0df6b0ecf13c,paypal,655.51,2025-10-13T15:44:52.609336
3f782d25-9898-410c-8ed1-cd2f04ee0ea7,1b49f55e-fefe-4003-a553-f822a752ec9a,card,1896.66,2025-08-09T11:44:52.609336
